class_acc,class_loss,loss,val_class_acc,val_class_loss,val_loss,val_xmax_loss,val_xmax_mae,val_xmin_loss,val_xmin_mae,val_ymax_loss,val_ymax_mae,val_ymin_loss,val_ymin_mae,xmax_loss,xmax_mae,xmin_loss,xmin_mae,ymax_loss,ymax_mae,ymin_loss,ymin_mae,learning_rate,epoch
0.5191885828971863,1.423342227935791,1.9567317962646484,0.4933035671710968,1.7527201175689697,2.555016279220581,0.09066913276910782,0.23563730716705322,0.10919241607189178,0.2678021788597107,0.3542945981025696,0.540918231010437,0.24813999235630035,0.44365760684013367,0.12318830192089081,0.2565577030181885,0.12135465443134308,0.2422228306531906,0.21419720351696014,0.29959648847579956,0.07464931905269623,0.2051611840724945,0.0005000000237487257,0
0.703399121761322,0.9076082706451416,1.1214618682861328,0.7321428656578064,1.0641812086105347,1.4179623126983643,0.12288830429315567,0.25978967547416687,0.08839041739702225,0.23720455169677734,0.08927503973245621,0.23290786147117615,0.053227346390485764,0.17988264560699463,0.05791729316115379,0.18680518865585327,0.05416429787874222,0.1773226410150528,0.060293253511190414,0.19599325954914093,0.04147879406809807,0.1577339768409729,0.0005000000237487257,1
0.7412280440330505,0.7683253884315491,0.9438706040382385,0.1361607164144516,11.749013900756836,12.672978401184082,0.12222518771886826,0.2956998944282532,0.11247949302196503,0.2746352553367615,0.5535377264022827,0.47188499569892883,0.13572046160697937,0.2528322637081146,0.04774370416998863,0.16849544644355774,0.04508703202009201,0.15933917462825775,0.0486447773873806,0.17505942285060883,0.03406944498419762,0.141745924949646,0.0005000000237487257,2
0.7845394611358643,0.6857085227966309,0.8369858264923096,0.5691964030265808,1.3891414403915405,1.6252870559692383,0.06157423183321953,0.19881761074066162,0.04676256701350212,0.1741572916507721,0.08803839236497879,0.26073989272117615,0.03977035731077194,0.16267655789852142,0.03902033343911171,0.14838244020938873,0.035909149795770645,0.139212504029274,0.04403894022107124,0.16440722346305847,0.03230892866849899,0.13641084730625153,0.0005000000237487257,3
0.8042762875556946,0.6043787598609924,0.7481284141540527,0.8147321343421936,0.673792839050293,0.920641303062439,0.06667894124984741,0.20982861518859863,0.04194774106144905,0.16722215712070465,0.10376492887735367,0.2771766781806946,0.034456800669431686,0.13542796671390533,0.038153987377882004,0.14603422582149506,0.035216134041547775,0.14026790857315063,0.04075860232114792,0.15743859112262726,0.029620904475450516,0.1321970373392105,0.0005000000237487257,4
0.8415570259094238,0.46718400716781616,0.5897840261459351,0.6919642686843872,1.1180614233016968,1.367630958557129,0.062476854771375656,0.20838108658790588,0.03660041093826294,0.1458541601896286,0.10954112559556961,0.27225789427757263,0.0409511923789978,0.16552303731441498,0.031596262007951736,0.13393859565258026,0.033284734934568405,0.13164487481117249,0.03197984769940376,0.1386513113975525,0.025739263743162155,0.1193314865231514,0.0005000000237487257,5
0.8678728342056274,0.44855234026908875,0.5769340991973877,0.4196428656578064,2.8639466762542725,3.099168300628662,0.04618601128458977,0.18101581931114197,0.05083373561501503,0.1805586814880371,0.0814872458577156,0.2020278424024582,0.05671445280313492,0.19215667247772217,0.03429897874593735,0.1390063315629959,0.030343879014253616,0.12385398149490356,0.036266084760427475,0.14766693115234375,0.027472825720906258,0.1241891160607338,0.0005000000237487257,6
0.8585526347160339,0.42059779167175293,0.535864531993866,0.5089285969734192,1.5383145809173584,1.734755277633667,0.05837208777666092,0.20278719067573547,0.03247620165348053,0.14491169154644012,0.06816919893026352,0.1996387243270874,0.03742298483848572,0.15480220317840576,0.028774868696928024,0.12706343829631805,0.029138734564185143,0.12250897288322449,0.03241748735308647,0.1378682404756546,0.024935606867074966,0.11679856479167938,0.0005000000237487257,7
0.8826754093170166,0.336638867855072,0.4398833215236664,0.8191964030265808,0.6323622465133667,0.7424662709236145,0.026095513254404068,0.12386314570903778,0.029057588428258896,0.13388314843177795,0.0332304872572422,0.13952603936195374,0.02172045409679413,0.10860753804445267,0.02784157171845436,0.12000498175621033,0.023401960730552673,0.10587938129901886,0.029426025226712227,0.13119947910308838,0.02257487364113331,0.11119234561920166,0.0005000000237487257,8
0.890350878238678,0.35077616572380066,0.4551331698894501,0.7522321343421936,0.8656765818595886,1.0280976295471191,0.0547894723713398,0.1927085816860199,0.03541535884141922,0.14268656075000763,0.045938052237033844,0.176470085978508,0.026278257369995117,0.12116193026304245,0.026103917509317398,0.11496526002883911,0.0238272026181221,0.10632002353668213,0.031825147569179535,0.13673298060894012,0.02260078303515911,0.11069047451019287,0.0005000000237487257,9
0.9018640518188477,0.31202882528305054,0.4036976397037506,0.8950892686843872,0.24991236627101898,0.3377370834350586,0.030917938798666,0.12957730889320374,0.016707979142665863,0.08767439424991608,0.022593747824430466,0.11433614045381546,0.017605070024728775,0.09269391000270844,0.020739074796438217,0.10108084976673126,0.021991532295942307,0.10024842619895935,0.028663666918873787,0.12842297554016113,0.020274480804800987,0.10484395921230316,0.0005000000237487257,10
0.9177631735801697,0.22661755979061127,0.32361143827438354,0.6473214030265808,1.1643308401107788,1.3114231824874878,0.041263286024332047,0.1544109582901001,0.03683886677026749,0.12511926889419556,0.041259605437517166,0.15445291996002197,0.027730697765946388,0.11941079795360565,0.025403901934623718,0.1145305186510086,0.024339187890291214,0.10915948450565338,0.028111737221479416,0.12796194851398468,0.019139070063829422,0.10217655450105667,0.0005000000237487257,11
0.9166666865348816,0.24781657755374908,0.3437455892562866,0.640625,1.3986743688583374,1.605775237083435,0.06819915771484375,0.2159847468137741,0.05743246525526047,0.16190513968467712,0.046356238424777985,0.17008499801158905,0.035113029181957245,0.1389375478029251,0.025291873142123222,0.11420711874961853,0.024165421724319458,0.10328929126262665,0.02681080996990204,0.12573760747909546,0.019660910591483116,0.10347243398427963,0.0005000000237487257,12
0.9375,0.18873478472232819,0.2667757272720337,0.71875,1.588919997215271,1.6860005855560303,0.02359738014638424,0.12053541839122772,0.015905994921922684,0.08709020167589188,0.034166909754276276,0.14577333629131317,0.0234103761613369,0.10047871619462967,0.018883520737290382,0.09676560759544373,0.016788816079497337,0.08829913288354874,0.02523197792470455,0.11876598000526428,0.01713658683001995,0.09545314311981201,0.0005000000237487257,13
0.9298245906829834,0.2222495824098587,0.30827873945236206,0.7767857313156128,0.6790445446968079,0.9090539216995239,0.09843381494283676,0.23849619925022125,0.04430403187870979,0.13460610806941986,0.04101776331663132,0.15640543401241302,0.04625380039215088,0.16290143132209778,0.0213265810161829,0.10521259903907776,0.01898498646914959,0.09614643454551697,0.02738969586789608,0.1257207840681076,0.0183278676122427,0.09698231518268585,0.0005000000237487257,14
0.9259868264198303,0.23724883794784546,0.32035064697265625,0.1183035746216774,20.26335334777832,20.788928985595703,0.06403665989637375,0.20034489035606384,0.04940042272210121,0.16025599837303162,0.1739557832479477,0.3205549716949463,0.23818373680114746,0.385374516248703,0.01810288242995739,0.09656424820423126,0.019035808742046356,0.09275755286216736,0.027282526716589928,0.12370805442333221,0.018680544570088387,0.09967468678951263,0.0005000000237487257,15
0.9501096606254578,0.15187643468379974,0.2253589779138565,0.9665178656578064,0.09725131839513779,0.1696370393037796,0.019294744357466698,0.10221332311630249,0.014371586963534355,0.07416780292987823,0.02022862248122692,0.10536660254001617,0.018490755930542946,0.1007043644785881,0.017434248700737953,0.09176082909107208,0.018104353919625282,0.08943405747413635,0.021345684304833412,0.10920775681734085,0.01659824140369892,0.0935298353433609,0.0002500000118743628,16
0.9709429740905762,0.08070379495620728,0.1395275741815567,0.9375,0.20961858332157135,0.26109910011291504,0.013349845074117184,0.07463157176971436,0.009231274016201496,0.06432023644447327,0.016903992742300034,0.09921974688768387,0.011995399370789528,0.07985693216323853,0.016532495617866516,0.08654987066984177,0.012536730617284775,0.07531480491161346,0.01733710803091526,0.0960664227604866,0.012417449615895748,0.07923254370689392,0.0002500000118743628,17
0.9851973652839661,0.04413802921772003,0.0930933877825737,0.9955357313156128,0.012094330973923206,0.04886507987976074,0.008958747610449791,0.06509776413440704,0.006285969167947769,0.056618303060531616,0.011989064514636993,0.07570915669202805,0.009536969475448132,0.06317596882581711,0.011026632972061634,0.0727478414773941,0.010076750069856644,0.067684106528759,0.016198568046092987,0.09190566837787628,0.011653429828584194,0.0760660469532013,0.0002500000118743628,18
0.9934210777282715,0.024325482547283173,0.06659577041864395,0.9955357313156128,0.016107236966490746,0.05611545592546463,0.015130862593650818,0.09115993976593018,0.00580025976523757,0.05660693719983101,0.01134560164064169,0.07695681601762772,0.007731494028121233,0.06225929409265518,0.009616551920771599,0.06707005947828293,0.007803884334862232,0.0604531355202198,0.014232447370886803,0.08726412802934647,0.010617410764098167,0.07192999869585037,0.0002500000118743628,19
0.9950658082962036,0.020727401599287987,0.062392570078372955,0.9977678656578064,0.011017686687409878,0.03833344951272011,0.006394065450876951,0.0560908280313015,0.004555866587907076,0.05157511681318283,0.00972188450396061,0.069228395819664,0.0066439430229365826,0.05509861558675766,0.009508011862635612,0.06928438693284988,0.009666572324931622,0.06557070463895798,0.013517319224774837,0.08451986312866211,0.008973261341452599,0.06638774275779724,0.0002500000118743628,20
0.9983552694320679,0.006905016023665667,0.040955446660518646,1.0,0.000746541132684797,0.026567254215478897,0.0063497512601315975,0.058422863483428955,0.002538881730288267,0.03671824932098389,0.00930532906204462,0.07394465059041977,0.007626748643815517,0.06366942822933197,0.007456739898771048,0.05988554656505585,0.006433798931539059,0.054428715258836746,0.011912510730326176,0.0789019912481308,0.008247386664152145,0.06487920135259628,0.0002500000118743628,21
0.9983552694320679,0.008256285451352596,0.04123593121767044,0.9486607313156128,0.12972994148731232,0.1691737323999405,0.013863855041563511,0.07827610522508621,0.0053045740351080894,0.05209890380501747,0.010349025949835777,0.07272987812757492,0.009926357306540012,0.07161764055490494,0.006588343530893326,0.05590829625725746,0.005823784973472357,0.05286621302366257,0.011889984831213951,0.07992048561573029,0.0086775291711092,0.06618427485227585,0.0002500000118743628,22
0.9923245906829834,0.024401355534791946,0.05454641953110695,0.9888392686843872,0.043332211673259735,0.07330065220594406,0.006004930939525366,0.0515965111553669,0.008060893043875694,0.05353695526719093,0.009177504107356071,0.06770920008420944,0.006725122686475515,0.055838823318481445,0.0067496164701879025,0.05594795569777489,0.006530837155878544,0.052653905004262924,0.009406215511262417,0.07200145721435547,0.007458399049937725,0.062186356633901596,0.0002500000118743628,23
0.9934210777282715,0.027872359380126,0.060743898153305054,0.9732142686843872,0.13195554912090302,0.16579368710517883,0.00799599476158619,0.06927125155925751,0.005453217774629593,0.05183129757642746,0.009962896816432476,0.07535191625356674,0.010426020249724388,0.07646068185567856,0.006966514512896538,0.05865643173456192,0.006936324760317802,0.05535620450973511,0.011853419244289398,0.0787370428442955,0.0071152797900140285,0.060396917164325714,0.0002500000118743628,24
0.9851973652839661,0.04074328392744064,0.07568544894456863,0.5758928656578064,1.6588772535324097,1.7979763746261597,0.024550676345825195,0.112788625061512,0.04161204770207405,0.12528707087039948,0.04453844204545021,0.14338113367557526,0.028397900983691216,0.1264098584651947,0.007247684523463249,0.05976669862866402,0.0069202762097120285,0.05531695485115051,0.011838647536933422,0.07920598238706589,0.00893556047230959,0.06720210611820221,0.0002500000118743628,25
0.9923245906829834,0.03536958992481232,0.07008529454469681,0.9486607313156128,0.13928090035915375,0.18878190219402313,0.00944633036851883,0.06744880229234695,0.01643502712249756,0.07791602611541748,0.013263978995382786,0.08641766011714935,0.010355660691857338,0.07396633177995682,0.008263670839369297,0.062028542160987854,0.006520050577819347,0.05404471978545189,0.011766746640205383,0.07815797626972198,0.008165239356458187,0.06538321822881699,0.0002500000118743628,26
0.9923245906829834,0.029477151110768318,0.05990936607122421,0.9977678656578064,0.005046646110713482,0.02547622285783291,0.004967894405126572,0.051235366612672806,0.0031231131870299578,0.043080274015665054,0.007857371121644974,0.06283830851316452,0.004481196869164705,0.04681401699781418,0.007359874900430441,0.05963620916008949,0.006296825595200062,0.052817098796367645,0.010002491995692253,0.07198616862297058,0.006773033179342747,0.058205340057611465,0.0001250000059371814,27
0.9978070259094238,0.00607303949072957,0.029789812862873077,1.0,0.0004679148260038346,0.019799968227744102,0.004465519450604916,0.05133647844195366,0.002653707517310977,0.03888732194900513,0.007993418723344803,0.06362566351890564,0.00421940628439188,0.04318612068891525,0.005560115911066532,0.05209657922387123,0.00409823190420866,0.045079305768013,0.008602971211075783,0.06740894168615341,0.005455456208437681,0.05315696820616722,0.0001250000059371814,28
0.999451756477356,0.002535182051360607,0.024671943858265877,1.0,0.0003713995683938265,0.016398204490542412,0.004051861818879843,0.048034947365522385,0.003265941282734275,0.04282279685139656,0.005161610431969166,0.05185073986649513,0.0035473909229040146,0.042308397591114044,0.004726180341094732,0.046672508120536804,0.0038395815063267946,0.042348463088274,0.008036633022129536,0.06321084499359131,0.0055343653075397015,0.05182545632123947,0.0001250000059371814,29
0.999451756477356,0.0025653738994151354,0.02080649696290493,1.0,0.00017957015370484442,0.016706909984350204,0.004550049547106028,0.050961315631866455,0.0027769485022872686,0.04267071560025215,0.005715187173336744,0.05483614653348923,0.0034851550590246916,0.040456630289554596,0.003586994716897607,0.04303225129842758,0.0031357030384242535,0.03965616971254349,0.006875430699437857,0.05958021432161331,0.004642992280423641,0.048826687037944794,0.0001250000059371814,30
0.999451756477356,0.002725686179473996,0.021503157913684845,1.0,0.0003158890758641064,0.011554034426808357,0.0027802027761936188,0.03874299302697182,0.0016151387244462967,0.029481930658221245,0.003958380315452814,0.04591934010386467,0.0028844245243817568,0.038295723497867584,0.0039075519889593124,0.04594644159078598,0.0035757841542363167,0.04202231764793396,0.006585328374058008,0.05810292065143585,0.004708808846771717,0.048393819481134415,0.0001250000059371814,31
0.9978070259094238,0.006111469119787216,0.023127494379878044,1.0,0.0013143402757123113,0.01629061810672283,0.0035833697766065598,0.04779314249753952,0.002401248784735799,0.0380600169301033,0.005154090467840433,0.05443359538912773,0.0038375689182430506,0.041289594024419785,0.003522340441122651,0.04263296350836754,0.003224750980734825,0.039924900978803635,0.005814394447952509,0.05538678169250488,0.004454537760466337,0.047257907688617706,0.0001250000059371814,32
0.9945175647735596,0.01592698134481907,0.03434262424707413,1.0,0.004266087897121906,0.019580451771616936,0.003077127505093813,0.04209975525736809,0.002403502818197012,0.03733351454138756,0.0056041511707007885,0.05769359692931175,0.004229582380503416,0.04462466761469841,0.004221490118652582,0.046661995351314545,0.00345927313901484,0.04147921875119209,0.006630070973187685,0.059343017637729645,0.004104810766875744,0.04697604477405548,0.0001250000059371814,33
0.9978070259094238,0.004833628423511982,0.02330264076590538,1.0,0.00020401334040798247,0.01409628801047802,0.004011755809187889,0.04993688687682152,0.0025649438612163067,0.03982008621096611,0.0038049558643251657,0.045888274908065796,0.0035106188151985407,0.04344562068581581,0.00395510159432888,0.04448563605546951,0.0032064546830952168,0.04000183194875717,0.006760055664926767,0.061137087643146515,0.004547399468719959,0.048433128744363785,0.0001250000059371814,34
0.9989035129547119,0.00369055918417871,0.01925622671842575,1.0,0.0001498837664257735,0.012729453854262829,0.002919245744124055,0.040165167301893234,0.0023026124108582735,0.037989310920238495,0.0049123456701636314,0.05146375298500061,0.0024453657679259777,0.03554139658808708,0.0031600312795490026,0.04050131142139435,0.0029294004198163748,0.03829290717840195,0.005705643445253372,0.05474097654223442,0.0037705895956605673,0.04480859264731407,0.0001250000059371814,35
0.999451756477356,0.004470015410333872,0.02000337652862072,0.9955357313156128,0.00872083194553852,0.031151117756962776,0.004903445485979319,0.0509636364877224,0.003318567993119359,0.04032972455024719,0.008451986126601696,0.06712956726551056,0.005756288766860962,0.05236988514661789,0.0033161696046590805,0.0414409302175045,0.0031503639183938503,0.03905613347887993,0.005236110184341669,0.05183403566479683,0.003830716712400317,0.045066069811582565,0.0001250000059371814,36
0.9989035129547119,0.006165654398500919,0.020138895139098167,0.9977678656578064,0.002254561986774206,0.013888001441955566,0.002486120443791151,0.03919487074017525,0.00194549560546875,0.03231826797127724,0.004319247789680958,0.04429907351732254,0.002882575849071145,0.03805151954293251,0.0030448120087385178,0.03944870084524155,0.0028670947067439556,0.03840934857726097,0.004795478656888008,0.04890727624297142,0.003265851177275181,0.04125245660543442,6.25000029685907e-05,37
0.9989035129547119,0.004500358831137419,0.015975533053278923,1.0,9.205280366586521e-05,0.009690994396805763,0.0023814078886061907,0.03519629314541817,0.0015038688434287906,0.028927400708198547,0.0036291666328907013,0.04311853274703026,0.002084498992189765,0.032352935522794724,0.0026725325733423233,0.0370679572224617,0.0021006502211093903,0.03340873494744301,0.003872099332511425,0.04584157094359398,0.002829889766871929,0.0386015810072422,6.25000029685907e-05,38
0.999451756477356,0.0010050673736259341,0.0129258893430233,1.0,9.277711069444194e-05,0.010538673959672451,0.002314394572749734,0.03570965304970741,0.0022649653255939484,0.037509240210056305,0.0037576542235910892,0.04401243478059769,0.00210888241417706,0.032115690410137177,0.0024279626086354256,0.036309864372015,0.0022857405710965395,0.034224823117256165,0.004238549619913101,0.047803789377212524,0.0029685688205063343,0.03897496685385704,6.25000029685907e-05,39
1.0,0.000515483261551708,0.0113516291603446,1.0,6.998860772000626e-05,0.007186542730778456,0.0015408073086291552,0.028630292043089867,0.0010824132477864623,0.025004569441080093,0.002485533943399787,0.03599296882748604,0.002007798757404089,0.03163943812251091,0.002114922506734729,0.0341823510825634,0.0021373142953962088,0.033791180700063705,0.003928302321583033,0.04542755335569382,0.002655609045177698,0.03771444410085678,6.25000029685907e-05,40
1.0,0.0007875984301790595,0.011211899109184742,1.0,4.377732329885475e-05,0.00764096062630415,0.0018069687066599727,0.03185567632317543,0.0011577227851375937,0.026338445022702217,0.0027839168906211853,0.03709838166832924,0.001848574378527701,0.03008882887661457,0.0022596879862248898,0.034604575484991074,0.0019451346015557647,0.03128490224480629,0.0034720278345048428,0.04212328791618347,0.002747450489550829,0.03758621588349342,6.25000029685907e-05,41
1.0,0.0004908021655865014,0.010219159536063671,1.0,4.536193955573253e-05,0.008894331753253937,0.002509899204596877,0.03997979685664177,0.00165358348749578,0.03168082982301712,0.0029958991799503565,0.037892598658800125,0.0016895887674763799,0.029110988602042198,0.002449478954076767,0.03657487407326698,0.0018172722775489092,0.0320095531642437,0.003186689456924796,0.04093727841973305,0.0022749160416424274,0.03501032665371895,6.25000029685907e-05,42
1.0,0.0006464854814112186,0.009940792806446552,1.0,3.805197047768161e-05,0.006019549909979105,0.001426190952770412,0.027112828567624092,0.0010680430568754673,0.024496419355273247,0.001968668308109045,0.031647488474845886,0.0015185956144705415,0.026364265009760857,0.002095497213304043,0.033028360456228256,0.0015964254271239042,0.029642634093761444,0.003204594599083066,0.041436199098825455,0.0023977910168468952,0.03546861931681633,6.25000029685907e-05,43
1.0,0.000693505338858813,0.010208124294877052,1.0,2.0638643036363646e-05,0.007170120719820261,0.0015811659395694733,0.0300701092928648,0.0014149826020002365,0.030544694513082504,0.0024510829243808985,0.034480348229408264,0.0017022499814629555,0.02868456207215786,0.00242017419077456,0.035006143152713776,0.001672892365604639,0.030144358053803444,0.0032184976153075695,0.040995918214321136,0.002203055191785097,0.034205611795186996,6.25000029685907e-05,44
1.0,0.0006753181805834174,0.009470303542912006,1.0,6.179355113999918e-05,0.005980798043310642,0.00119832216296345,0.025434551760554314,0.0007573313196189702,0.021228419616818428,0.0022413127589970827,0.03309880569577217,0.0017220384906977415,0.027234036475419998,0.0017413373570889235,0.031436141580343246,0.00164515501819551,0.03035225346684456,0.0031439100857824087,0.040661733597517014,0.002264583483338356,0.03429634869098663,6.25000029685907e-05,45
0.999451756477356,0.001277707051485777,0.009279545396566391,1.0,0.00012767295993398875,0.007410414516925812,0.0027258568443357944,0.031131649389863014,0.0007991902530193329,0.022181013599038124,0.0021009445190429688,0.03316885605454445,0.0016567496350035071,0.028561534360051155,0.0018435800448060036,0.03268519788980484,0.0014181588776409626,0.0277550145983696,0.00272266729734838,0.0383235439658165,0.0020174351520836353,0.0329565703868866,6.25000029685907e-05,46
0.999451756477356,0.001474830904044211,0.009978269226849079,1.0,5.231826435192488e-05,0.008561707101762295,0.0029515307396650314,0.04459964856505394,0.001278757699765265,0.027908354997634888,0.0028302280697971582,0.04036815091967583,0.0014488722663372755,0.027011439204216003,0.0021660448983311653,0.03284711763262749,0.0015371800400316715,0.02877330780029297,0.0026323895435780287,0.03812245652079582,0.0021678265184164047,0.03466465324163437,6.25000029685907e-05,47
1.0,0.0005494850920513272,0.0084628164768219,1.0,0.002669107634574175,0.016017217189073563,0.003109899116680026,0.04089770093560219,0.001745586283504963,0.030983498319983482,0.0051954868249595165,0.052418868988752365,0.003297136863693595,0.04054778814315796,0.0019057518802583218,0.031241249293088913,0.0013929679989814758,0.027373557910323143,0.002592125441879034,0.037288304418325424,0.0020224854815751314,0.033100053668022156,6.25000029685907e-05,48
1.0,0.0004632401105482131,0.008653002791106701,1.0,3.948666198994033e-05,0.005307382438331842,0.0009767335141077638,0.023738188669085503,0.0009533983538858593,0.02490718849003315,0.0020500693935900927,0.03213798627257347,0.0012876939726993442,0.027590591460466385,0.0020909185986965895,0.032792773097753525,0.0014555264497175813,0.027893686667084694,0.0027023821603506804,0.03787994012236595,0.0019409365486353636,0.032242823392152786,3.125000148429535e-05,49
1.0,0.00034528461401350796,0.006906540598720312,1.0,2.6210929718217812e-05,0.004397243726998568,0.0009146484662778676,0.02245500683784485,0.0006487782811746001,0.018902109935879707,0.0018629245460033417,0.030413910746574402,0.0009446817566640675,0.02278878167271614,0.001361492439173162,0.027947986498475075,0.0012148701352998614,0.025861695408821106,0.0022708745673298836,0.034680429846048355,0.001714018639177084,0.03030076064169407,3.125000148429535e-05,50
1.0,0.0002950996858999133,0.007385600358247757,1.0,1.9668066670419648e-05,0.00451293820515275,0.001030104118399322,0.02521250583231449,0.0008177952840924263,0.02209688350558281,0.0016403690678998828,0.027908295392990112,0.0010050012497231364,0.022559544071555138,0.0016250093467533588,0.028950724750757217,0.0013436335138976574,0.026795288547873497,0.002336536766961217,0.035542238503694534,0.0017853208119049668,0.030682628974318504,3.125000148429535e-05,51
1.0,0.00045940536074340343,0.006964420899748802,1.0,1.6892661733436398e-05,0.004634147975593805,0.0010467417305335402,0.02529543824493885,0.0006804809090681374,0.020214153453707695,0.0016577967908233404,0.028378037735819817,0.0012322354596108198,0.024029109627008438,0.0016159337246790528,0.028564464300870895,0.0012061912566423416,0.025432853028178215,0.0021403918508440256,0.03388765826821327,0.0015424997545778751,0.029093539342284203,3.125000148429535e-05,52
1.0,0.00034387537743896246,0.006559049244970083,1.0,1.5985966456355527e-05,0.0040052505210042,0.0009502190514467657,0.022615626454353333,0.0008647054200991988,0.02364223636686802,0.0014070066390559077,0.025518318638205528,0.000767333316616714,0.020475491881370544,0.0014788430416956544,0.027554523199796677,0.0011113978689536452,0.024392252787947655,0.00208980031311512,0.03350247070193291,0.001535132760182023,0.029002977535128593,3.125000148429535e-05,53
1.0,0.0002048276801360771,0.006471844390034676,1.0,3.094828934990801e-05,0.0050506205298006535,0.0013091781875118613,0.02432882785797119,0.0008700492908246815,0.023779066279530525,0.001742837019264698,0.02857811562716961,0.0010976078920066357,0.022998599335551262,0.0013085315003991127,0.027557123452425003,0.0011561968130990863,0.025093059986829758,0.0023181543219834566,0.03608193248510361,0.0014841348165646195,0.02827371284365654,3.125000148429535e-05,54
1.0,0.00014662867761217058,0.006090599577873945,1.0,2.3787653844919987e-05,0.003852692199870944,0.0009970597457140684,0.024625595659017563,0.0006249177968129516,0.019820991903543472,0.0012324040289968252,0.02437477372586727,0.0009745229035615921,0.02215886488556862,0.0013560060178861022,0.027225973084568977,0.0011098756222054362,0.025161847472190857,0.0019656342919915915,0.03224661201238632,0.001512455870397389,0.02838052809238434,3.125000148429535e-05,55
1.0,0.00027048130868934095,0.006084667984396219,1.0,2.3946611690917052e-05,0.004161111544817686,0.0009332890040241182,0.024283822625875473,0.0007110739825293422,0.02055513486266136,0.0014180465368553996,0.02608136273920536,0.0010747554479166865,0.021968310698866844,0.001353235449641943,0.026382407173514366,0.001012879190966487,0.023278480395674706,0.00192831305321306,0.03284740447998047,0.0015197594184428453,0.02878430485725403,3.125000148429535e-05,56
1.0,0.00038174266228452325,0.006107267923653126,1.0,1.2547987353173085e-05,0.003729464951902628,0.0011351370485499501,0.026392707601189613,0.0006484714103862643,0.019814571365714073,0.001027967082336545,0.023232540115714073,0.0009053417597897351,0.02099388651549816,0.0013846049550920725,0.026717379689216614,0.0010882581118494272,0.02440647780895233,0.0018663274822756648,0.032047905027866364,0.0013863350031897426,0.027582447975873947,3.125000148429535e-05,57
1.0,0.00027428113389760256,0.005463390611112118,1.0,1.0341457709728274e-05,0.003944178577512503,0.0009520910680294037,0.0243194792419672,0.0009228604612872005,0.02464611455798149,0.0010800405871123075,0.0242563895881176,0.0009788449387997389,0.020841190591454506,0.0012043152237311006,0.025441545993089676,0.0009065905469469726,0.02307296358048916,0.001756538636982441,0.03125162422657013,0.0013216650113463402,0.026774020865559578,3.125000148429535e-05,58
1.0,0.00012833195796702057,0.005647808779031038,1.0,1.327904737991048e-05,0.003907221369445324,0.0008953256183303893,0.023136701434850693,0.0010140001541003585,0.026453707367181778,0.0010783838806673884,0.023050660267472267,0.0009062321041710675,0.02126202918589115,0.001176907098852098,0.025301765650510788,0.0010607973672449589,0.02419874258339405,0.0017994894878938794,0.031422797590494156,0.0014822825323790312,0.028264610096812248,3.125000148429535e-05,59
1.0,0.00018113819533027709,0.00535629503428936,1.0,1.8630871636560187e-05,0.003376476699486375,0.0007473347359336913,0.02111693285405636,0.0005584159516729414,0.018251368775963783,0.0012757083168253303,0.025049617514014244,0.0007763867033645511,0.01923559233546257,0.0011574197560548782,0.02520761452615261,0.0009248284623026848,0.023166736587882042,0.001735100755468011,0.030979091301560402,0.0013578074285760522,0.027069028466939926,3.125000148429535e-05,60
1.0,0.00023184032761491835,0.0054555051028728485,1.0,2.0189585484331474e-05,0.003129285993054509,0.0006847646436654031,0.020625222474336624,0.0005791275762021542,0.018887033686041832,0.0011800093343481421,0.024300025776028633,0.0006651949370279908,0.018888337537646294,0.0012466873740777373,0.026740888133645058,0.0009972916450351477,0.023662175983190536,0.0017629868816584349,0.03092622198164463,0.0012166982050985098,0.026131177321076393,3.125000148429535e-05,61
1.0,0.00020875556219834834,0.005117152351886034,1.0,1.7812088117352687e-05,0.0034510570112615824,0.0006017548148520291,0.019011840224266052,0.0005348775302991271,0.0173052791506052,0.001294785994105041,0.025163857266306877,0.0010018263710662723,0.021693874150514603,0.001182550098747015,0.025251610204577446,0.0009121468756347895,0.02263272926211357,0.0015353274066001177,0.02910781279206276,0.0012783731799572706,0.02606261521577835,3.125000148429535e-05,62
1.0,0.00021012274373788387,0.004986240528523922,1.0,1.2137323210481554e-05,0.004735887516289949,0.0014706256333738565,0.031711965799331665,0.0013623986160382628,0.03125905245542526,0.0011278064921498299,0.024034807458519936,0.0007629200699739158,0.018966948613524437,0.0011077173985540867,0.024500563740730286,0.0008557176915928721,0.021868029609322548,0.0015470400685444474,0.029131174087524414,0.0012656429316848516,0.02578125335276127,3.125000148429535e-05,63
1.0,0.0001632006751606241,0.0050486186519265175,1.0,1.617304587853141e-05,0.0032510419841855764,0.0006218016496859491,0.019169779494404793,0.0008427180582657456,0.02428337000310421,0.0011441621463745832,0.022808382287621498,0.0006261869566515088,0.018832027912139893,0.0011738804168999195,0.025597380474209785,0.0010476885363459587,0.023850757628679276,0.0014699981547892094,0.02878693677484989,0.0011938505340367556,0.025832686573266983,3.125000148429535e-05,64
1.0,0.00021773396292701364,0.004905940964818001,1.0,1.48269027704373e-05,0.0029673860408365726,0.0007734161918051541,0.018778562545776367,0.00039492076030001044,0.014656990766525269,0.00105511664878577,0.02337929792702198,0.0007291058427654207,0.01925147883594036,0.0010493809822946787,0.025072669610381126,0.0008803350501693785,0.022490866482257843,0.0015272398013621569,0.029487337917089462,0.0012312503531575203,0.026034971699118614,3.125000148429535e-05,65
1.0,0.0002087589236907661,0.00507147004827857,1.0,8.776047252467833e-06,0.0030947979539632797,0.0007994401385076344,0.022252410650253296,0.0006875096587464213,0.020078694447875023,0.0009400930139236152,0.022809715941548347,0.0006589790573343635,0.018887463957071304,0.0011511524207890034,0.024969596415758133,0.0008642636821605265,0.02198858931660652,0.0016633507329970598,0.03040943294763565,0.0011839444050565362,0.025493541732430458,3.125000148429535e-05,66
1.0,0.00013235394726507366,0.004454227164387703,1.0,1.1300416190351825e-05,0.0028925188817083836,0.0007364340126514435,0.019324881955981255,0.00048362117377109826,0.01723376102745533,0.0009134761639870703,0.022147303447127342,0.0007476871251128614,0.01897989585995674,0.0009879055432975292,0.023380329832434654,0.0008038547239266336,0.021154843270778656,0.001388495322316885,0.028386957943439484,0.001141618238762021,0.025316443294286728,3.125000148429535e-05,67
1.0,0.00032975489739328623,0.00476125767454505,1.0,1.5477986380574293e-05,0.0033317417837679386,0.0008409132133238018,0.022923916578292847,0.0007063898956403136,0.02132542058825493,0.0009878587443381548,0.020938020199537277,0.000781102164182812,0.018171144649386406,0.0010364485206082463,0.02401571162045002,0.0008528741891495883,0.022054022178053856,0.0014251964166760445,0.028201496228575706,0.0011169834760949016,0.024988487362861633,3.125000148429535e-05,68
1.0,0.0004391178663354367,0.004600225016474724,1.0,8.924665962695144e-06,0.002755381865426898,0.0005955023807473481,0.019320501014590263,0.0005523570580407977,0.01838439516723156,0.0009193766163662076,0.019293008372187614,0.0006792215863242745,0.017699258401989937,0.000951034773606807,0.02304614894092083,0.0007966432021930814,0.02093971148133278,0.0014166516484692693,0.027688730508089066,0.00099677755497396,0.02387579344213009,3.125000148429535e-05,69
1.0,0.0003812526701949537,0.004644701723009348,1.0,1.2806801350961905e-05,0.0027641281485557556,0.000675015791784972,0.02027040906250477,0.0004638092068489641,0.016393115743994713,0.0008445060811936855,0.020600643008947372,0.0007679900736548007,0.018677037209272385,0.0009592826827429235,0.023885637521743774,0.0008088216418400407,0.02153790555894375,0.0014136856188997626,0.027600519359111786,0.0010816598078235984,0.024486731737852097,3.125000148429535e-05,70
1.0,0.0011041976977139711,0.005937022622674704,1.0,1.1339115189912263e-05,0.004015225451439619,0.0012294122716411948,0.025599662214517593,0.0006966415094211698,0.02099955640733242,0.0012069634394720197,0.024886146187782288,0.000870868971105665,0.02152368798851967,0.0010799973970279098,0.02438201941549778,0.0009022995363920927,0.02217966690659523,0.0016012435080483556,0.030219174921512604,0.0012492835521697998,0.02664625644683838,3.125000148429535e-05,71
1.0,0.0003870586515404284,0.004808597266674042,1.0,1.5238541891449131e-05,0.002995104994624853,0.0006049353978596628,0.019095728173851967,0.0004297929990570992,0.01603659801185131,0.0011754475999623537,0.024876054376363754,0.0007696907850913703,0.018380051478743553,0.0009979064343497157,0.02368026226758957,0.0009248277638107538,0.021872535347938538,0.0013151186285540462,0.02759857103228569,0.0011836860794574022,0.02593838796019554,3.125000148429535e-05,72
1.0,0.00017126159218605608,0.004474838264286518,1.0,1.4610262951464392e-05,0.003400731598958373,0.001028841477818787,0.02598658762872219,0.000627716479357332,0.019973890855908394,0.0009609787375666201,0.022057130932807922,0.0007685845484957099,0.01907528005540371,0.0009704942349344492,0.023284440860152245,0.0008228388032875955,0.021160753443837166,0.0013480023480951786,0.02786433696746826,0.0011622413294389844,0.025473225861787796,3.125000148429535e-05,73
1.0,0.00012047211930621415,0.0040529947727918625,1.0,9.127116754825693e-06,0.0029864893294870853,0.0008215419366024435,0.02206099033355713,0.0006297439686022699,0.020427124574780464,0.0008132452494464815,0.021945828571915627,0.0007128308643586934,0.018084613606333733,0.0009134721476584673,0.02290940284729004,0.000744045537430793,0.020800119265913963,0.001312023145146668,0.02744368091225624,0.0009629822452552617,0.02328692376613617,3.125000148429535e-05,74
1.0,0.00020771285926457494,0.004063331056386232,1.0,7.992794962774497e-06,0.002118089934810996,0.000525877287145704,0.017377011477947235,0.0004281018045730889,0.015150907449424267,0.000647112203296274,0.01885928399860859,0.0005090057384222746,0.01612265221774578,0.0008453287300653756,0.02211548388004303,0.00067015370586887,0.01943482831120491,0.0012526552891358733,0.026355143636465073,0.0010874802246689796,0.024291416630148888,1.5625000742147677e-05,75
1.0,0.00018319782975595444,0.0036951093934476376,1.0,7.791821190039627e-06,0.002666159300133586,0.000775480002630502,0.02211129292845726,0.0006067297654226422,0.018794769421219826,0.0008067298331297934,0.02004115656018257,0.00046942802146077156,0.015147718600928783,0.000868304050527513,0.022093646228313446,0.0006784640718251467,0.019788900390267372,0.0010846165241673589,0.024961348623037338,0.0008805274846963584,0.022192934527993202,1.5625000742147677e-05,76
1.0,0.0002305751695530489,0.0036757891066372395,1.0,1.1965908925049007e-05,0.0023239499423652887,0.0004894809098914266,0.016603607684373856,0.00043824457679875195,0.016507906839251518,0.0008353685261681676,0.020724952220916748,0.0005488902097567916,0.01624894328415394,0.0008294853032566607,0.021426880732178688,0.0006543355993926525,0.019402630627155304,0.0011520709376782179,0.025606118142604828,0.0008093218202702701,0.021648583933711052,1.5625000742147677e-05,77
1.0,0.00013460063200909644,0.003691297024488449,1.0,6.660887720499886e-06,0.0024875386152416468,0.000581182015594095,0.01933550462126732,0.000637515913695097,0.021128728985786438,0.0007370124221779406,0.018702348694205284,0.0005251672700978816,0.016191188246011734,0.0008160755969583988,0.02157566137611866,0.0006811981438659132,0.019354132935404778,0.0012462639715522528,0.026005899533629417,0.0008131584036163986,0.021592512726783752,1.5625000742147677e-05,78
1.0,0.00019803282339125872,0.0037888577207922935,1.0,9.055569535121322e-06,0.001994848484173417,0.00046792064676992595,0.016134431585669518,0.0003860647266265005,0.014859716407954693,0.0006799561670050025,0.018849369138479233,0.00045185154885984957,0.016055455431342125,0.000825555354822427,0.021827878430485725,0.0006217953050509095,0.01889484003186226,0.001186703098937869,0.026022111997008324,0.0009567716042511165,0.0233172457665205,1.5625000742147677e-05,79
0.999451756477356,0.0005482182023115456,0.004052647389471531,1.0,9.854922609520145e-06,0.0019490569829940796,0.0005031858454458416,0.01744939386844635,0.0003363301220815629,0.013576628640294075,0.0005808753776364028,0.01799403689801693,0.0005188107606954873,0.01631632074713707,0.00082968216156587,0.021942444145679474,0.0006138838944025338,0.01890871673822403,0.001155705307610333,0.02621394954621792,0.0009051578235812485,0.02263062819838524,1.5625000742147677e-05,80
0.999451756477356,0.0007090606959536672,0.003965985029935837,1.0,1.3375645721680485e-05,0.002760299714282155,0.0007427810924127698,0.021175561472773552,0.0005467221490107477,0.017980599775910378,0.0008764390950091183,0.021895086392760277,0.0005809817230328918,0.01810082234442234,0.0007455098675563931,0.020723670721054077,0.0006120706093497574,0.01888740062713623,0.0010199393145740032,0.023947736248373985,0.0008794041932560503,0.022102275863289833,1.5625000742147677e-05,81
1.0,0.00016411243996117264,0.0036288879346102476,1.0,9.353784662380349e-06,0.0020912964828312397,0.0005390610313042998,0.01742500253021717,0.0005076034576632082,0.01761852763593197,0.0005753088626079261,0.017872346565127373,0.000459969334769994,0.014952071011066437,0.0007887796382419765,0.021256741136312485,0.000660757243167609,0.019279247149825096,0.001116904430091381,0.025072338059544563,0.0008983347215689719,0.022722328081727028,1.5625000742147677e-05,82
1.0,0.00011211865057703108,0.0031703568529337645,1.0,1.1686001926136669e-05,0.0023079304955899715,0.00057024642592296,0.01902730204164982,0.0005592096713371575,0.019390305504202843,0.0006504731136374176,0.01833522878587246,0.0005163152236491442,0.01635868102312088,0.0006727114669047296,0.019824480637907982,0.0005702475900761783,0.018066229298710823,0.0010619318345561624,0.024316998198628426,0.0007533477619290352,0.02046278305351734,1.5625000742147677e-05,83
1.0,0.00022944829834159464,0.0033876278903335333,1.0,8.197953320632223e-06,0.0018280905205756426,0.00043007844942621887,0.014833340421319008,0.0003376739623490721,0.013719484210014343,0.0006226461264304817,0.017912935465574265,0.000429494131822139,0.015141203999519348,0.0007092165178619325,0.020298579707741737,0.0006101037142798305,0.017870208248496056,0.001013479894027114,0.024173786863684654,0.0008253795094788074,0.02130424790084362,1.5625000742147677e-05,84
1.0,0.0001555218332214281,0.0032744763884693384,1.0,6.6023044382745866e-06,0.0015742422547191381,0.0003319819807074964,0.014134707860648632,0.0003556532028596848,0.013796565122902393,0.0005400094669312239,0.01718050055205822,0.00033999531297013164,0.013870993629097939,0.0007400900940410793,0.020266085863113403,0.000626607215963304,0.01861668936908245,0.0010483968071639538,0.02453741431236267,0.0007038605981506407,0.02008240297436714,1.5625000742147677e-05,85
1.0,0.00013025150110479444,0.003312188433483243,1.0,7.891941095294897e-06,0.0017774362349882722,0.00047625662409700453,0.017152270302176476,0.0003102100163232535,0.013031480833888054,0.0005442232941277325,0.016876013949513435,0.00043885441846214235,0.015326300635933876,0.0007733259117230773,0.02091083489358425,0.0005779768689535558,0.017988840118050575,0.0010237612295895815,0.023809973150491714,0.0008068732568062842,0.021175585687160492,1.5625000742147677e-05,86
1.0,0.00016490907000843436,0.0033020577393472195,1.0,1.0071928954857867e-05,0.001933813444338739,0.0004594302736222744,0.016871169209480286,0.0004058300983160734,0.015507757663726807,0.000558568979613483,0.018605200573801994,0.0004999121883884072,0.016877636313438416,0.0006767655722796917,0.019649529829621315,0.000650284462608397,0.01852336898446083,0.0010253519285470247,0.023837124928832054,0.0007847471861168742,0.02089625783264637,1.5625000742147677e-05,87
1.0,0.00018517457647249103,0.003319417592138052,1.0,6.319133717624936e-06,0.0019437229493632913,0.00048475066432729363,0.017596399411559105,0.0005032647750340402,0.018045175820589066,0.0005252201808616519,0.017237165942788124,0.00042416833457536995,0.015175188891589642,0.0007143952534534037,0.01999354362487793,0.0006139532197266817,0.018459361046552658,0.0009755442151799798,0.023686427623033524,0.0008303499780595303,0.021651219576597214,1.5625000742147677e-05,88
1.0,0.00016709846386220306,0.003278633113950491,1.0,8.772170076554175e-06,0.0016183649422600865,0.00039791170274838805,0.015375716611742973,0.00028982837102375925,0.012704157270491123,0.00044832052662968636,0.015469961799681187,0.00047353230183944106,0.01528430450707674,0.000680666184052825,0.019534362480044365,0.0005821154918521643,0.01791815459728241,0.001073093619197607,0.025118432939052582,0.0007756592822261155,0.021109137684106827,1.5625000742147677e-05,89
1.0,0.0002723167126532644,0.003432183526456356,1.0,7.5559992183116265e-06,0.001973547041416168,0.0005465672584250569,0.018506107851862907,0.0004250284400768578,0.01627582684159279,0.000565185269806534,0.01809547282755375,0.00042921010754071176,0.015074324794113636,0.0007579915691167116,0.020571164786815643,0.0006003622547723353,0.01844126544892788,0.001007730606943369,0.02432403713464737,0.0007937821792438626,0.021178819239139557,1.5625000742147677e-05,90
1.0,0.00012310530291870236,0.0028179052751511335,1.0,5.5446603255404625e-06,0.0016469070687890053,0.00038093520561233163,0.015113449655473232,0.0003091081453021616,0.013815815560519695,0.0005389362340793014,0.017684241756796837,0.00041238273843191564,0.014388693496584892,0.0006057504797354341,0.01863040216267109,0.000534062332008034,0.017227740958333015,0.0008420636295340955,0.022188985720276833,0.0007129237055778503,0.019848139956593513,7.812500371073838e-06,91
1.0,0.0001426321396138519,0.0029357068706303835,1.0,7.338259365496924e-06,0.001863757148385048,0.000409022846724838,0.015148528851568699,0.0003494861884973943,0.014681846834719181,0.0006369964103214443,0.019562657922506332,0.00046091343392618,0.014737601391971111,0.0006183225777931511,0.018961990252137184,0.0005616982816718519,0.01783815771341324,0.0009378768154419959,0.023123962804675102,0.0006751774344593287,0.01962217129766941,7.812500371073838e-06,92
1.0,0.0001115939230658114,0.0027564545162022114,1.0,6.085011591494549e-06,0.0016948797274380922,0.00046060612658038735,0.016733046621084213,0.0003911677922587842,0.016082247719168663,0.00046924446360208094,0.01543517131358385,0.00036777634522877634,0.013666332699358463,0.0006183708901517093,0.018804194405674934,0.0005557173863053322,0.017719002440571785,0.000865275738760829,0.02226288989186287,0.0006054966361261904,0.018741993233561516,7.812500371073838e-06,93
1.0,0.00010865897638723254,0.0028274934738874435,1.0,7.64980632084189e-06,0.0016786098713055253,0.0004615982179529965,0.01684274524450302,0.00044508447172120214,0.016868960112333298,0.0004419998440425843,0.015310661867260933,0.00032227745396085083,0.013144666329026222,0.0006123940693214536,0.018895110115408897,0.0005360407521948218,0.01768832840025425,0.0008770127897150815,0.022273529320955276,0.0006933872355148196,0.020001135766506195,7.812500371073838e-06,94
1.0,0.0003650374710559845,0.0029953860212117434,1.0,4.235044343658956e-06,0.0015436775283887982,0.00045609124936163425,0.01684415154159069,0.0003188292612321675,0.01331088412553072,0.00043795089004561305,0.015345043502748013,0.00032657128758728504,0.013566623441874981,0.0005840594531036913,0.01850431226193905,0.0005421346286311746,0.01778724044561386,0.0008455258212052286,0.021968821063637733,0.0006586288218386471,0.019437719136476517,7.812500371073838e-06,95
1.0,0.00011451346654212102,0.002810191363096237,1.0,6.763229521311587e-06,0.0015250258147716522,0.000385938270483166,0.014944837428629398,0.00033327058190479875,0.014094306156039238,0.0004349088703747839,0.015908123925328255,0.00036414506030268967,0.013815904036164284,0.0006558378227055073,0.019619958475232124,0.0005589660722762346,0.018036210909485817,0.000787715136539191,0.02152113988995552,0.0006931594689376652,0.01995687372982502,3.906250185536919e-06,96
1.0,0.00028925685910508037,0.0029112191405147314,1.0,7.228997674246784e-06,0.0013882622588425875,0.00029299125890247524,0.013533433899283409,0.000286982802208513,0.01314498484134674,0.0004465032834559679,0.015455254353582859,0.00035455593024380505,0.013951773755252361,0.0006090879323892295,0.019075211137533188,0.0005603719037026167,0.018176456913352013,0.0008345062378793955,0.021850232034921646,0.0006179964984767139,0.018802644684910774,3.906250185536919e-06,97
1.0,7.585011189803481e-05,0.002435597823932767,1.0,8.415362572122831e-06,0.0012224939418956637,0.0003132836427539587,0.014014458283782005,0.00024286669213324785,0.011719495058059692,0.0003410625213291496,0.013915873132646084,0.0003168657422065735,0.012839843519032001,0.0005753538571298122,0.01791592314839363,0.00052255968330428,0.01706252433359623,0.000669611559715122,0.01998468115925789,0.0005922227865085006,0.01872570440173149,3.906250185536919e-06,98
1.0,0.00011977200483670458,0.0026902782265096903,1.0,6.710655270580901e-06,0.0015877216355875134,0.0004716006515081972,0.01681237854063511,0.00033225948573090136,0.01383046805858612,0.0004247061733622104,0.014775143936276436,0.0003524446510709822,0.013311175629496574,0.0005874871858395636,0.018382776528596878,0.0004999787197448313,0.016942493617534637,0.0008362070075236261,0.021885238587856293,0.0006468329229392111,0.019214000552892685,3.906250185536919e-06,99
1.0,8.407959103351459e-05,0.0025513397995382547,1.0,5.271086138236569e-06,0.0012412378564476967,0.0003327855374664068,0.013466944918036461,0.00020731330732814968,0.010802189819514751,0.0003648569399956614,0.013894080184400082,0.00033101096050813794,0.013031111098825932,0.0006007526535540819,0.018749389797449112,0.0005264095962047577,0.017506349831819534,0.0007363763870671391,0.020614122971892357,0.0006037221755832434,0.018910184502601624,3.906250185536919e-06,100
1.0,0.00011724932119250298,0.0025141816586256027,1.0,5.720726676372578e-06,0.0011759646004065871,0.0002994665701407939,0.013470472767949104,0.00024607990053482354,0.012174664065241814,0.0003149174735881388,0.013656677678227425,0.0003097799781244248,0.01284634880721569,0.0005944041186012328,0.018637539818882942,0.0004620395484380424,0.0163631159812212,0.0007129359873943031,0.02053642086684704,0.000627552333753556,0.018538491800427437,3.906250185536919e-06,101
1.0,9.445966134080663e-05,0.0026618943084031343,1.0,6.8705048761330545e-06,0.0014066126896068454,0.00035485715488903224,0.01455603539943695,0.0002903966815210879,0.013042883016169071,0.0004334709083195776,0.015038455836474895,0.000321017432725057,0.01327331643551588,0.0005688699311576784,0.01817404478788376,0.0005504739237949252,0.01771681383252144,0.0008004638366401196,0.02167343907058239,0.0006476273410953581,0.019301097840070724,3.906250185536919e-06,102
1.0,0.00014246832870412618,0.0025227717123925686,1.0,5.4539036682399455e-06,0.0013929196866229177,0.00033199353492818773,0.013664713129401207,0.00028398146969266236,0.012409308925271034,0.00045241176849231124,0.015346403233706951,0.00031907897209748626,0.013144433498382568,0.000570274714846164,0.018268689513206482,0.0005112932412885129,0.016975000500679016,0.0006978606106713414,0.020108865574002266,0.0006008745403960347,0.018364524468779564,3.906250185536919e-06,103
1.0,0.00010934047168120742,0.0025155781768262386,1.0,6.2031945162743796e-06,0.0010984044056385756,0.00029601677670143545,0.013379783369600773,0.00024388378369621933,0.011841286905109882,0.0002984644379466772,0.013099990785121918,0.0002538361877668649,0.012371009215712547,0.0005877609946765006,0.01878567785024643,0.0005057594389654696,0.01696399599313736,0.0006982371560297906,0.020090481266379356,0.0006144804647192359,0.0188008900731802,1.9531250927684596e-06,104
1.0,0.00018711770826485008,0.0026259548030793667,1.0,4.916701982438099e-06,0.001227552886120975,0.000315455486997962,0.013688466511666775,0.00024226635287050158,0.011775761842727661,0.00035554071655496955,0.014348109252750874,0.000309373572235927,0.013084501028060913,0.0005495119257830083,0.018146425485610962,0.0004974466864950955,0.016712849959731102,0.0008017469081096351,0.021097932010889053,0.0005901316762901843,0.018134748563170433,1.9531250927684596e-06,105
1.0,0.00013809915981255472,0.0025915787555277348,1.0,6.593915713892784e-06,0.001324390759691596,0.00031320282141678035,0.013525507412850857,0.00029421920771710575,0.013148738071322441,0.0003885212354362011,0.01442974153906107,0.00032185352756641805,0.01294960267841816,0.0005613989196717739,0.018235301598906517,0.0004971447051502764,0.016635717824101448,0.0007864315412007272,0.021252663806080818,0.0006085048662498593,0.018354423344135284,1.9531250927684596e-06,106
1.0,0.00012060724839102477,0.0026015248149633408,1.0,5.7147221923514735e-06,0.0012701209634542465,0.00029609486227855086,0.012660220265388489,0.00026508004521019757,0.012303801253437996,0.00041411948041059077,0.014483369886875153,0.00028911171830259264,0.012410781346261501,0.0006128569948486984,0.018544204533100128,0.0005134545499458909,0.01702697202563286,0.000747748592402786,0.020429793745279312,0.0006068566581234336,0.018421141430735588,1.9531250927684596e-06,107
1.0,8.412361785303801e-05,0.0024243576917797327,1.0,7.39046936359955e-06,0.0011976553360000253,0.00033409660682082176,0.01396220363676548,0.0002390730514889583,0.011782805435359478,0.00033456506207585335,0.013815605081617832,0.0002825302362907678,0.012419546954333782,0.0005504213622771204,0.017925260588526726,0.00044452844304032624,0.016248881816864014,0.0007171094184741378,0.020379431545734406,0.0006281746318563819,0.01900676265358925,1.9531250927684596e-06,108
1.0,0.00015879669808782637,0.0026540025137364864,1.0,6.8069607550569344e-06,0.0012080606538802385,0.00028519381885416806,0.013033106923103333,0.0002609614166431129,0.011702130548655987,0.00034599966602399945,0.01361557375639677,0.0003090987156610936,0.013275573961436749,0.0006367187015712261,0.019130513072013855,0.00048186464118771255,0.01673898659646511,0.0007584467530250549,0.021241119131445885,0.0006181759526953101,0.01890995353460312,1.9531250927684596e-06,109
1.0,0.00015704847464803606,0.002512062666937709,1.0,5.598759344138671e-06,0.0011708970414474607,0.0002788848360069096,0.012656496837735176,0.00023614861129317433,0.01164965145289898,0.00035022120573557913,0.013854725286364555,0.0003000437282025814,0.012648104690015316,0.000527669966686517,0.01753390207886696,0.0004817088192794472,0.016538163647055626,0.0007253399817273021,0.021032974123954773,0.0006202957592904568,0.018625810742378235,9.999999974752427e-07,110
1.0,9.610196866560727e-05,0.0024863870348781347,1.0,6.438774562411709e-06,0.001143895206041634,0.00030405251891352236,0.013186411932110786,0.00023701197642367333,0.011559532955288887,0.0002879723615478724,0.012609963305294514,0.0003084196650888771,0.012888566590845585,0.0005320699419826269,0.017941614612936974,0.0005173936951905489,0.01715759001672268,0.0007388188387267292,0.020574478432536125,0.0006020030123181641,0.01871238648891449,9.999999974752427e-07,111
1.0,0.0001407978415954858,0.0024031579960137606,1.0,6.824200681876391e-06,0.0011476859217509627,0.00032503672991879284,0.013315534219145775,0.0002242230111733079,0.011145113036036491,0.000296040961984545,0.012849629856646061,0.000295561010716483,0.01263755839318037,0.0005171842640265822,0.017376884818077087,0.00044381723273545504,0.015910295769572258,0.0006806149031035602,0.02006572298705578,0.0006207438418641686,0.018673259764909744,9.999999974752427e-07,112
1.0,9.159592445939779e-05,0.0024109757505357265,1.0,5.407855496741831e-06,0.0012731847818940878,0.0002904349530581385,0.012793394736945629,0.000252518686465919,0.011889537796378136,0.000389464054023847,0.014491500332951546,0.00033535942202433944,0.013589472509920597,0.0005426207208074629,0.01773032359778881,0.0004273491504136473,0.015885967761278152,0.0007820652681402862,0.020634399726986885,0.000567344599403441,0.01771719381213188,9.999999974752427e-07,113
1.0,8.056950900936499e-05,0.002529233694076538,1.0,5.256518761598272e-06,0.001168749644421041,0.0002847093273885548,0.012921981513500214,0.00023343603243120015,0.01148874219506979,0.00030514661921188235,0.01354219950735569,0.0003402011643629521,0.01341160200536251,0.0005971845821477473,0.018859516829252243,0.0004848877142649144,0.01651863195002079,0.0007638209499418736,0.02134992927312851,0.0006027713534422219,0.0185614712536335,9.999999974752427e-07,114
1.0,8.931216143537313e-05,0.002468693070113659,1.0,6.44512101644068e-06,0.0011966889724135399,0.0003214972384739667,0.013398101553320885,0.0002718630130402744,0.012364878319203854,0.0003371281491126865,0.013644014485180378,0.0002597554412204772,0.012193667702376842,0.0005091269849799573,0.01755906268954277,0.0004598634841386229,0.01617307774722576,0.0007937304326333106,0.021143315359950066,0.0006166599923744798,0.018707314506173134,9.999999974752427e-07,115
1.0,9.229158604284748e-05,0.002436188980937004,1.0,5.067008260084549e-06,0.0010905530070886016,0.000269522046437487,0.012530774809420109,0.00020822214719373733,0.010943174362182617,0.0003143933427054435,0.013085716404020786,0.00029334865394048393,0.012379802763462067,0.0005479822284542024,0.01741177961230278,0.0004936922923661768,0.016766570508480072,0.0006917243590578437,0.02002761885523796,0.0006104980129748583,0.018647195771336555,9.999999974752427e-07,116
1.0,8.304445509565994e-05,0.002472856780514121,1.0,7.402994469885016e-06,0.0011887589935213327,0.0002897261583711952,0.013038192875683308,0.000248466560151428,0.011813842691481113,0.00032099694362841547,0.013257304206490517,0.00032216645195148885,0.012885920703411102,0.0005919378600083292,0.018064526841044426,0.0004698609409388155,0.016280530020594597,0.000734669913072139,0.02050953544676304,0.0005933434003964067,0.01860532909631729,9.999999974752427e-07,117
1.0,0.00022953713778406382,0.0025478012394160032,1.0,6.5640301727398764e-06,0.001176197431050241,0.0003449034411460161,0.013815470971167088,0.0002452073385939002,0.01148940809071064,0.00030887610046193004,0.013195917941629887,0.0002706464729271829,0.012073919177055359,0.0005189379444345832,0.017443036660552025,0.00043828377965837717,0.016114026308059692,0.0007430052501149476,0.020739534869790077,0.0006180370110087097,0.018646664917469025,9.999999974752427e-07,118
1.0,0.0001840498298406601,0.002598922234028578,1.0,7.937534064694773e-06,0.0011741959024220705,0.00030555485864169896,0.01290965173393488,0.0002534179366193712,0.011840136721730232,0.0003335221845190972,0.013402569107711315,0.0002737634349614382,0.012337999418377876,0.0005409800796769559,0.01792762242257595,0.0004796363355126232,0.016715561971068382,0.0008000456728041172,0.02146095596253872,0.0005942098796367645,0.018727382645010948,9.999999974752427e-07,119
1.0,0.0006079727318137884,0.0028029251843690872,1.0,3.7489096484932816e-06,0.001064673182554543,0.0002667437947820872,0.012555529363453388,0.00023460689408238977,0.011449451558291912,0.000295069272397086,0.012939101085066795,0.00026450419682078063,0.012154759839177132,0.0005019756499677896,0.017019307240843773,0.00044230037019588053,0.016129937022924423,0.0007213395438157022,0.020252468064427376,0.0005293366266414523,0.01750209741294384,9.999999974752427e-07,120
1.0,9.529153612675145e-05,0.0024039035197347403,1.0,5.550504738494055e-06,0.0011156763648614287,0.00027746986597776413,0.01292005181312561,0.0002544372982811183,0.01163281686604023,0.0002971773792523891,0.012901105917990208,0.00028104125522077084,0.012344518676400185,0.000549033225979656,0.017834912985563278,0.00046922487672418356,0.016425728797912598,0.0006760862888768315,0.020204609259963036,0.0006142674828879535,0.018660003319382668,9.999999974752427e-07,121
1.0,9.060601587407291e-05,0.002483957214280963,1.0,5.274851446301909e-06,0.0011574896052479744,0.0002780552313197404,0.012683120556175709,0.00022857982548885047,0.011309242807328701,0.0003404935996513814,0.01341677363961935,0.0003050861123483628,0.012644977308809757,0.0005520416307263076,0.017836252227425575,0.0004978595534339547,0.016716282814741135,0.0007326614577323198,0.020502295345067978,0.0006107891094870865,0.018678266555070877,9.999999974752427e-07,122
1.0,0.00011869455192936584,0.0022248777095228434,1.0,5.69381609238917e-06,0.0011591780930757523,0.00029435488977469504,0.012834909372031689,0.00023808445257600397,0.011280120350420475,0.00030811908072791994,0.01322424877434969,0.0003129258693661541,0.013003284111618996,0.0004553699109237641,0.016739176586270332,0.0004056285251863301,0.015278158709406853,0.0006216836627572775,0.01917014643549919,0.0006235011969693005,0.018578462302684784,9.999999974752427e-07,123
1.0,7.266340253408998e-05,0.002232928993180394,1.0,5.047321792517323e-06,0.0011660844320431352,0.0003126526135019958,0.013370356522500515,0.0002355534816160798,0.0115257753059268,0.00031925286748446524,0.012961073778569698,0.00029357807943597436,0.012607407756149769,0.0004781683092005551,0.016675453633069992,0.0004522094677668065,0.016321055591106415,0.0006399812991730869,0.01940973661839962,0.000589907169342041,0.018335118889808655,9.999999974752427e-07,124
1.0,7.90659396443516e-05,0.002343436237424612,1.0,7.10770927980775e-06,0.0011398008791729808,0.00028559373458847404,0.01296909712255001,0.00023782998323440552,0.011476828716695309,0.0003357203386258334,0.013526604510843754,0.0002735491143539548,0.01234112773090601,0.0004729085194412619,0.01664934866130352,0.0004582602414302528,0.016081059351563454,0.0007544084219262004,0.020067552104592323,0.0005787935806438327,0.018071264028549194,9.999999974752427e-07,125
1.0,0.0005028857267461717,0.002985545201227069,1.0,5.107181550556561e-06,0.00114149390719831,0.00029851082945242524,0.012881102971732616,0.00022038453607819974,0.011062671430408955,0.00034265071735717356,0.013681011274456978,0.0002748407132457942,0.012234835885465145,0.000541125365998596,0.017407085746526718,0.00047024418017826974,0.0157869141548872,0.0008161644218489528,0.02140381932258606,0.0006551259430125356,0.018953146412968636,9.999999974752427e-07,126
1.0,0.00011364800593582913,0.0024788074661046267,1.0,6.691805083391955e-06,0.001161031424999237,0.0002593733661342412,0.01246701180934906,0.0002189725637435913,0.011113102547824383,0.0003574143338482827,0.013512085191905499,0.0003185794339515269,0.01307685673236847,0.0005603926838375628,0.017908629029989243,0.0004930591094307601,0.016554290428757668,0.00069876090856269,0.020176924765110016,0.0006129464018158615,0.018504738807678223,9.999999974752427e-07,127
1.0,0.00016800797311589122,0.0022999478969722986,1.0,5.262867944111349e-06,0.0010499382624402642,0.0002576845872681588,0.012234589084982872,0.00019292952492833138,0.010378618724644184,0.00029842235380783677,0.01292505394667387,0.00029563880525529385,0.012773284688591957,0.00048427045112475753,0.016790129244327545,0.0004458472831174731,0.01564992219209671,0.0006582769565284252,0.019671184942126274,0.0005435451166704297,0.017650315538048744,9.999999974752427e-07,128
1.0,8.580807480029762e-05,0.002332555828616023,1.0,6.022608431521803e-06,0.0010641560656949878,0.00026812785654328763,0.01229848898947239,0.00023677878198213875,0.011534969322383404,0.0002805842668749392,0.012543062679469585,0.0002726424136199057,0.01215992122888565,0.0005171027733013034,0.01720109023153782,0.00045219919411465526,0.015697868540883064,0.0007202796987257898,0.02070201188325882,0.0005571662331931293,0.017862368375062943,9.999999974752427e-07,129
1.0,9.562419290887192e-05,0.002364465268328786,1.0,6.990908332227264e-06,0.0010805180063471198,0.00027068229974247515,0.01276255864650011,0.00023647949274163693,0.01148278173059225,0.00028348967316560447,0.012756253592669964,0.0002828757278621197,0.012702041305601597,0.000481114664580673,0.01673804223537445,0.0004407168598845601,0.01588047295808792,0.0007541889790445566,0.02095295488834381,0.0005928206956014037,0.018851738423109055,9.999999974752427e-07,130
1.0,0.00013710116036236286,0.0023816716857254505,1.0,6.002982445352245e-06,0.001046330900862813,0.00026420928770676255,0.012296653352677822,0.00023289874661713839,0.011251555755734444,0.00026823903317563236,0.012711649760603905,0.000274980760877952,0.012484610080718994,0.0005069468752481043,0.017087873071432114,0.0004655399825423956,0.01627478003501892,0.0006950302631594241,0.020291117951273918,0.0005770532297901809,0.018204696476459503,9.999999974752427e-07,131
1.0,0.00013109644351061434,0.0025282276328653097,1.0,4.984013685316313e-06,0.0010736328549683094,0.0002719072508625686,0.012618171982467175,0.0002321075735380873,0.011580847203731537,0.0002845118287950754,0.012653599493205547,0.00028012209804728627,0.012016044929623604,0.0005732867284677923,0.017508134245872498,0.00046681618550792336,0.01618809811770916,0.0007263625739142299,0.02024378813803196,0.0006306664436124265,0.018716512247920036,9.999999974752427e-07,132
1.0,9.31617250898853e-05,0.0023601881694048643,1.0,6.200436018843902e-06,0.0010622978443279862,0.0002679972385521978,0.012835024856030941,0.00023955789220053703,0.011727819219231606,0.00029288342921063304,0.012883089482784271,0.0002556587860453874,0.012077098712325096,0.000543642439879477,0.017526725307106972,0.0004669924674089998,0.01617511175572872,0.000685244332998991,0.02004825696349144,0.0005711475387215614,0.018175359815359116,9.999999974752427e-07,133
1.0,0.00012709145084954798,0.002462823176756501,1.0,5.706575848307693e-06,0.0010560853406786919,0.00025853709666989744,0.012325725518167019,0.00021944100444670767,0.01117767859250307,0.0003062369942199439,0.012829023413360119,0.00026616372633725405,0.012170286849141121,0.0005122353322803974,0.017256204038858414,0.00044519524089992046,0.015910213813185692,0.0007680903654545546,0.020902419462800026,0.0006102107581682503,0.018593117594718933,9.999999974752427e-07,134
1.0,7.826175715308636e-05,0.0022357688285410404,1.0,5.146068815520266e-06,0.0010683807777240872,0.00024849025066941977,0.012244523502886295,0.0002456489601172507,0.011675107292830944,0.0003185441892128438,0.013228858821094036,0.0002505512966308743,0.011854884214699268,0.0005299053736962378,0.017362840473651886,0.00040249130688607693,0.015574903227388859,0.0006906240014359355,0.019838348031044006,0.0005344866658560932,0.017422594130039215,9.999999974752427e-07,135
0.999451756477356,0.0009428852936252952,0.003205778542906046,1.0,6.6056732066499535e-06,0.0010741769801825285,0.0002666863438207656,0.012699457816779613,0.00022567155247088522,0.011164435185492039,0.00031792084337212145,0.013224170543253422,0.00025729252956807613,0.01213306374847889,0.00052832585060969,0.01766396127641201,0.0004831152909900993,0.01645827852189541,0.0006791792693547904,0.020128725096583366,0.0005722733912989497,0.018136953935027122,9.999999974752427e-07,136
1.0,0.00011060969700338319,0.0022537754848599434,1.0,5.256186796032125e-06,0.0010164390550926328,0.00026823891676031053,0.012465687468647957,0.000203984061954543,0.010654382407665253,0.0002636575954966247,0.0123209860175848,0.00027530238730832934,0.01220295112580061,0.0004838716413360089,0.016743764281272888,0.000417909148382023,0.015669381245970726,0.0006805354496464133,0.01965428702533245,0.0005608496721833944,0.017983265221118927,9.999999974752427e-07,137
1.0,6.80592202115804e-05,0.0021498878486454487,1.0,7.0255264290608466e-06,0.0010522444499656558,0.0002712022396735847,0.012594860978424549,0.0002054411161225289,0.010912503115832806,0.00031004284392111003,0.012945622205734253,0.0002585327310953289,0.0120116351172328,0.0004839754255954176,0.016798460856080055,0.00039416240178979933,0.01524242665618658,0.0006445668986998498,0.019037652760744095,0.000559123931452632,0.017796775326132774,9.999999974752427e-07,138
1.0,0.00010119072976522148,0.0022437109146267176,1.0,5.885887276235735e-06,0.0010615917854011059,0.0002925958833657205,0.012895605526864529,0.00024136886349879205,0.01139581948518753,0.00026413187151774764,0.012450276874005795,0.0002576092374511063,0.012193484231829643,0.0004872115678153932,0.016723014414310455,0.0004295949765946716,0.01562940888106823,0.0006768985185772181,0.01994282193481922,0.0005488154711201787,0.018028629943728447,9.999999974752427e-07,139
1.0,7.40628966013901e-05,0.0022038589231669903,1.0,5.9077547120978124e-06,0.001040570205077529,0.0002746765676420182,0.012398382648825645,0.00022775938850827515,0.011303408071398735,0.0002936378004960716,0.012705723755061626,0.0002385885309195146,0.01145501621067524,0.0004933907766826451,0.017219457775354385,0.0004300651780795306,0.015828801319003105,0.000690855085849762,0.01986205205321312,0.0005154849495738745,0.017465826123952866,9.999999974752427e-07,140
1.0,0.00011064345017075539,0.0023516714572906494,1.0,6.297264462773455e-06,0.0010011177510023117,0.00027023666189052165,0.012241484597325325,0.0002150878863176331,0.010840796865522861,0.00026374441222287714,0.012380200438201427,0.0002457514638081193,0.011867141351103783,0.00048440886894240975,0.016540253534913063,0.00041821031481958926,0.015606148168444633,0.0007689418271183968,0.02097443863749504,0.0005694665014743805,0.018005263060331345,9.999999974752427e-07,141
1.0,0.00010374954581493512,0.0023086757864803076,1.0,5.606260401691543e-06,0.0011087876046076417,0.00029016874032095075,0.012874962761998177,0.00022418596199713647,0.01144626084715128,0.0003097408916801214,0.013120909221470356,0.0002790857688523829,0.012357907369732857,0.0005401212256401777,0.01765471324324608,0.00039397849468514323,0.015119719319045544,0.0006752401241101325,0.019552169367671013,0.0005955866654403508,0.01853618025779724,9.999999974752427e-07,142
1.0,8.86099660419859e-05,0.0021504322066903114,1.0,4.622922006092267e-06,0.0010740834986791015,0.00028979560011066496,0.013164915144443512,0.00021628921967931092,0.010971208103001118,0.000306303845718503,0.012583008967339993,0.000257071980740875,0.011774352751672268,0.0004768067447002977,0.016743537038564682,0.0004244050069246441,0.01572757586836815,0.0006446879706345499,0.019549448043107986,0.0005159226711839437,0.017117446288466454,9.999999974752427e-07,143
1.0,0.00016241829143837094,0.002464680466800928,1.0,6.409809884644346e-06,0.00106370123103261,0.0002499258262105286,0.01227559708058834,0.0002152095694327727,0.01101197861135006,0.00032324533094651997,0.013404841534793377,0.00026891074958257377,0.01214822381734848,0.0005053523345850408,0.017146609723567963,0.00042116487747989595,0.015689240768551826,0.0007599921082146466,0.020572355017066002,0.0006157532334327698,0.018483901396393776,9.999999974752427e-07,144
1.0,0.00017358495097141713,0.0023849019780755043,1.0,5.835376214236021e-06,0.0010350729571655393,0.0002886188740376383,0.012693405151367188,0.00022805416665505618,0.011347703635692596,0.00023762029013596475,0.01137565542012453,0.00027494432288222015,0.01255881879478693,0.0004972197348251939,0.017034929245710373,0.0004379458259791136,0.015756994485855103,0.0006758558447472751,0.01956804096698761,0.0006002957816235721,0.01841754838824272,9.999999974752427e-07,145
1.0,0.00015968014486134052,0.002288706135004759,1.0,4.281039309717016e-06,0.0010903135407716036,0.0002783210948109627,0.012528786435723305,0.00023051374591886997,0.011318751610815525,0.00029363614157773554,0.012502158060669899,0.0002835615596268326,0.012490426190197468,0.0004905061796307564,0.01698346622288227,0.00041545170824974775,0.015461215749382973,0.0006662835949100554,0.019736718386411667,0.0005567846819758415,0.01766384020447731,9.999999974752427e-07,146
1.0,8.393809548579156e-05,0.0022055506706237793,1.0,5.380368293117499e-06,0.0010874398285523057,0.0002865214191842824,0.012976391240954399,0.0002013552002608776,0.010864108800888062,0.0002944630978163332,0.013063331134617329,0.0002997196570504457,0.012730001471936703,0.000529309909325093,0.017016645520925522,0.0004011190903838724,0.015210616402328014,0.0006560586043633521,0.019391754642128944,0.0005351250292733312,0.017703119665384293,9.999999974752427e-07,147
1.0,7.869110413594171e-05,0.0021781043615192175,1.0,6.754709374945378e-06,0.0009851554641500115,0.0002455761714372784,0.011831731535494328,0.0002227561635663733,0.01122279278934002,0.00027096152189187706,0.012519164942204952,0.00023910703021101654,0.011724681593477726,0.00046748266322538257,0.016541043296456337,0.0004274246748536825,0.015441023744642735,0.0006437599076889455,0.019215717911720276,0.0005607456550933421,0.017616668716073036,9.999999974752427e-07,148
1.0,6.640299397986382e-05,0.0021423061843961477,1.0,5.941494691796834e-06,0.0010010125115513802,0.0002714385336730629,0.01240154542028904,0.00020312286505941302,0.010535099543631077,0.0002726665697991848,0.012394247576594353,0.0002478430687915534,0.011666158214211464,0.0004867564421147108,0.016794336959719658,0.00041410617996007204,0.015153804793953896,0.0006483185570687056,0.019429069012403488,0.0005267220549285412,0.0174383744597435,9.999999974752427e-07,149
1.0,0.0001007681421469897,0.002283324021846056,1.0,3.950048267142847e-06,0.0010009051766246557,0.00026500161038711667,0.012220548465847969,0.00020514284551609308,0.010712073184549809,0.00025753313093446195,0.012393160723149776,0.00026927763246931136,0.012421654537320137,0.0005026233266107738,0.016856148838996887,0.0004353937692940235,0.015643175691366196,0.0006684773252345622,0.01968514174222946,0.0005760615458711982,0.01795332320034504,9.999999974752427e-07,150
1.0,9.475467959418893e-05,0.0023506423458456993,1.0,3.926076715288218e-06,0.0010281042195856571,0.00028419485897757113,0.012846508994698524,0.00023655353288631886,0.011506104841828346,0.0002653996634762734,0.012363115325570107,0.00023803013027645648,0.011781679466366768,0.0005219842423684895,0.016916295513510704,0.0004456462920643389,0.015738757327198982,0.0006929534138180315,0.01996086910367012,0.000595304009038955,0.018560871481895447,9.999999974752427e-07,151
1.0,7.293068483704701e-05,0.0022022747434675694,1.0,6.419375040422892e-06,0.001054752734489739,0.000264152477029711,0.012334750965237617,0.00023295464052353054,0.011488674208521843,0.0002997020783368498,0.012592194601893425,0.00025152426678687334,0.012026282027363777,0.0004953011521138251,0.016758359968662262,0.000472388812340796,0.015882600098848343,0.0006290553137660027,0.019262636080384254,0.0005325994570739567,0.01734226383268833,9.999999974752427e-07,152
1.0,6.684393156319857e-05,0.001994122052565217,1.0,5.780792889709119e-06,0.0009969472885131836,0.0002792833256535232,0.012518159113824368,0.0002138484560418874,0.010713149793446064,0.00024026967003010213,0.011520111002027988,0.0002577649720478803,0.012152225710451603,0.0004290820215828717,0.016312671825289726,0.0003628824488259852,0.014664273709058762,0.000606150075327605,0.018743641674518585,0.0005291635752655566,0.01725151017308235,9.999999974752427e-07,153
1.0,8.778562914812937e-05,0.0022170739248394966,1.0,6.116872555139707e-06,0.0010025365045294166,0.00023289032105822116,0.011784671805799007,0.00024071628286037594,0.011298793368041515,0.0002770587452687323,0.012049665674567223,0.00024575440329499543,0.01192364189773798,0.000497935398016125,0.017030902206897736,0.00041624406003393233,0.015288942493498325,0.0006869351491332054,0.01998346671462059,0.0005281736957840621,0.017329281195998192,9.999999974752427e-07,154
1.0,0.00012668748968280852,0.002297051949426532,1.0,4.480077222979162e-06,0.000985721475444734,0.00025306124007329345,0.012241853401064873,0.00021124213526491076,0.0109329242259264,0.00026467072893865407,0.012482536025345325,0.00025226734578609467,0.011770999990403652,0.0005346245598047972,0.017507677897810936,0.0004596262297127396,0.016231713816523552,0.0006461921148002148,0.019217098131775856,0.0005299211479723454,0.017706304788589478,9.999999974752427e-07,155
1.0,7.656024536117911e-05,0.002274906961247325,1.0,5.367387529986445e-06,0.00094538030680269,0.0002396496565779671,0.011678584851324558,0.0002000103413593024,0.010496671311557293,0.00025513305445201695,0.01213728729635477,0.0002452199114486575,0.01201886497437954,0.0005150234210304916,0.017104309052228928,0.0004608196613844484,0.015949806198477745,0.0006670787115581334,0.019871942698955536,0.0005554246599785984,0.017728999257087708,9.999999974752427e-07,156
1.0,9.937425056705251e-05,0.002106538973748684,1.0,5.519283149624243e-06,0.0009672874002717435,0.0002413585316389799,0.012014908716082573,0.000195655768038705,0.010567547753453255,0.00027520779985934496,0.012460562400519848,0.00024954593391157687,0.011741033755242825,0.0004560336528811604,0.01638638600707054,0.00038433310692198575,0.014931615442037582,0.0006773321656510234,0.01961354911327362,0.0004894656594842672,0.016672132536768913,9.999999974752427e-07,157
1.0,7.132870814530179e-05,0.00206604297272861,1.0,5.616921953333076e-06,0.0009844565065577626,0.0002487152523826808,0.01206755917519331,0.0002080548001686111,0.010712436400353909,0.0003025107434950769,0.012540922500193119,0.0002195588022004813,0.011095866560935974,0.0004715370596386492,0.01654094085097313,0.00037466143839992583,0.014840420335531235,0.0006757999071851373,0.019476791843771935,0.000472715706564486,0.016542179509997368,9.999999974752427e-07,158
1.0,7.233103679027408e-05,0.00218707206659019,1.0,5.3296030273486394e-06,0.0009411908104084432,0.0002679578319657594,0.012229545041918755,0.00023275651619769633,0.011010567657649517,0.00022155004262458533,0.011302409693598747,0.0002135968825314194,0.011242643930017948,0.0004954166943207383,0.016923384740948677,0.00044274149695411325,0.015779204666614532,0.0006547379307448864,0.019561391323804855,0.0005218448932282627,0.017613032832741737,9.999999974752427e-07,159
1.0,6.387497705873102e-05,0.0020347980316728354,1.0,5.33381989953341e-06,0.0009146619704551995,0.0002292541175847873,0.01178731769323349,0.0002017267543124035,0.010565651580691338,0.00023348101240117103,0.011703284457325935,0.00024486632901243865,0.01184319518506527,0.00046650072908960283,0.016526831313967705,0.0003806156455539167,0.014875920489430428,0.0005993688828311861,0.018870916217565536,0.0005244377534836531,0.017369044944643974,9.999999974752427e-07,160
1.0,8.7914195319172e-05,0.0023039239458739758,1.0,5.166708888282301e-06,0.0009419736452400684,0.0002568588824942708,0.012469185516238213,0.0001932953018695116,0.01041936594992876,0.000249453674769029,0.011430254206061363,0.0002371992013650015,0.011685254983603954,0.000512532249558717,0.017214873805642128,0.00040105407242663205,0.015333271585404873,0.0006655511679127812,0.019266048446297646,0.0006368728936649859,0.018446942791342735,9.999999974752427e-07,161
1.0,0.00011619697033893317,0.002049042144790292,1.0,6.044793281034799e-06,0.0009540714672766626,0.00026015707408078015,0.012328497134149075,0.00018683428061194718,0.010379994288086891,0.00024852686328813434,0.011860968545079231,0.00025250838370993733,0.011815526522696018,0.00046621201909147203,0.016585364937782288,0.00038000885979272425,0.01483951136469841,0.0006035181577317417,0.01875574141740799,0.00048310623969882727,0.016895625740289688,9.999999974752427e-07,162
1.0,6.358850805554539e-05,0.002121110912412405,1.0,3.317583150419523e-06,0.000996854156255722,0.0002550558710936457,0.01227045152336359,0.00021888375340495259,0.011139336042106152,0.00027436946402303874,0.012289491482079029,0.0002452275366522372,0.011549782939255238,0.0004459007759578526,0.01619356870651245,0.00039367194403894246,0.015055481344461441,0.000657236494589597,0.019628815352916718,0.0005607132334262133,0.017938457429409027,9.999999974752427e-07,163
1.0,9.628896077629179e-05,0.0020564375445246696,1.0,5.595914899458876e-06,0.0009017797419801354,0.00024116018903441727,0.012113758362829685,0.00018719330546446145,0.01065817754715681,0.00024085947370622307,0.01159869134426117,0.0002269708493258804,0.010872448794543743,0.0005001764511689544,0.016947543248534203,0.0003687819407787174,0.014849643222987652,0.0006092797266319394,0.019215893000364304,0.0004819102759938687,0.016778498888015747,9.999999974752427e-07,164
1.0,8.777088805800304e-05,0.0020633188541978598,1.0,5.953800609859172e-06,0.0009968971135094762,0.0002447363222017884,0.011822940781712532,0.00023632981174159795,0.011589706875383854,0.0002855936181731522,0.012558446265757084,0.00022428356169257313,0.011180728673934937,0.00044130143942311406,0.01617218367755413,0.0004087214474566281,0.015158829279243946,0.0006132861017249525,0.01911504566669464,0.000512238941155374,0.017575526610016823,9.999999974752427e-07,165
1.0,7.402508344966918e-05,0.0021478314884006977,1.0,5.950384093011962e-06,0.0009476147242821753,0.0002622398023959249,0.012049391865730286,0.00021947201457805932,0.011269996874034405,0.00023983824939932674,0.011750292964279652,0.0002201141614932567,0.011175349354743958,0.0004856267769355327,0.016850043088197708,0.0004363041662145406,0.015627169981598854,0.0006736370269209146,0.01959010772407055,0.0004782381874974817,0.016626281663775444,9.999999974752427e-07,166
1.0,8.460101525997743e-05,0.0020677545107901096,1.0,4.033583536511287e-06,0.0010544866090640426,0.0002840434608515352,0.012525977566838264,0.00022720657580066472,0.01116766594350338,0.0002741342759691179,0.012394167482852936,0.00026506881113164127,0.011921942234039307,0.0004541365196928382,0.016376754269003868,0.00036084596649743617,0.01480135414749384,0.0006292653852142394,0.018797092139720917,0.0005389056750573218,0.017440110445022583,9.999999974752427e-07,167
1.0,7.83121504355222e-05,0.0020764898508787155,1.0,5.7944439504353795e-06,0.0009300188976339996,0.0002280280605191365,0.011512848548591137,0.00020403457165230066,0.010444502346217632,0.0002484965662006289,0.011655807495117188,0.00024366521392948925,0.011969858780503273,0.00045194485574029386,0.016153812408447266,0.0004101271042600274,0.015264751389622688,0.0006198111223056912,0.0193058792501688,0.0005162943270988762,0.0172208771109581,9.999999974752427e-07,168
1.0,6.932351971045136e-05,0.0021796333603560925,1.0,5.863859314558795e-06,0.000955923751462251,0.00024638898321427405,0.012012558989226818,0.00020759210747200996,0.010561537928879261,0.00025893739075399935,0.011721843853592873,0.00023714143026154488,0.01134245004504919,0.0004924536333419383,0.016987206414341927,0.0004008726682513952,0.015241282992064953,0.0007022210047580302,0.020083460956811905,0.000514762825332582,0.01726408489048481,9.999999974752427e-07,169
1.0,5.734796286560595e-05,0.002113684779033065,1.0,6.228662641660776e-06,0.000896348268724978,0.00022223321138881147,0.011595224030315876,0.00021134178678039461,0.010764683596789837,0.00024296405899804085,0.01216589193791151,0.00021358055528253317,0.010946393013000488,0.0004971970338374376,0.016941210255026817,0.0004005168448202312,0.01533126924186945,0.0006256141932681203,0.019176442176103592,0.0005330085405148566,0.017758328467607498,9.999999974752427e-07,170
1.0,0.00011652016110019758,0.0023486840073019266,1.0,5.638786205963697e-06,0.0009358208626508713,0.0002401233941782266,0.0118612851947546,0.0002129666827386245,0.01066640019416809,0.00024932887754403055,0.011692851781845093,0.00022776301193516701,0.01131956372410059,0.0005347131518647075,0.017426747828722,0.0004673043149523437,0.016133632510900497,0.0006956914439797401,0.02030157297849655,0.0005344547098502517,0.017432186752557755,9.999999974752427e-07,171
1.0,0.00013450502592604607,0.0021506028715521097,1.0,4.230189460940892e-06,0.0009510851232334971,0.00025817513233050704,0.012121903710067272,0.00021945059415884316,0.010839328169822693,0.00024025501625146717,0.011504096910357475,0.00022897415328770876,0.01110136229544878,0.00047680034185759723,0.016718624159693718,0.00038828569813631475,0.014964360743761063,0.0006314243073575199,0.01921900361776352,0.0005195876001380384,0.017372502014040947,9.999999974752427e-07,172
1.0,5.3280677093425766e-05,0.001983152236789465,1.0,4.295140115573304e-06,0.0009719470399431884,0.00023604971647728235,0.01157884206622839,0.0002207965444540605,0.010930759832262993,0.00028673800989054143,0.012477110140025616,0.00022406766947824508,0.011176958680152893,0.00043612834997475147,0.015936803072690964,0.000373518792912364,0.014537157490849495,0.0006314014317467809,0.018822237849235535,0.0004888228140771389,0.01716703735291958,9.999999974752427e-07,173
1.0,8.567462646169588e-05,0.002111127832904458,1.0,5.668536232406041e-06,0.0008674013079144061,0.00022736206301487982,0.011790462769567966,0.00019113722373731434,0.010331927798688412,0.00023106113076210022,0.011462881229817867,0.00021217229368630797,0.010877515189349651,0.00046487373765558004,0.016259752213954926,0.0003770797629840672,0.014653855934739113,0.0006431203801184893,0.01905900426208973,0.0005403788527473807,0.01734510064125061,9.999999974752427e-07,174
1.0,8.541715942556038e-05,0.0021000870037823915,1.0,4.929393071506638e-06,0.0008827731362544,0.00023138111282605678,0.011360197328031063,0.0001913966698339209,0.01031347643584013,0.0002359867503400892,0.011321725323796272,0.00021907928748987615,0.01137359719723463,0.000474112166557461,0.01660921797156334,0.00038998221862129867,0.014878537505865097,0.000650293892249465,0.018977520987391472,0.0005002815742045641,0.016926711425185204,9.999999974752427e-07,175
1.0,7.675480446778238e-05,0.001935900072567165,1.0,3.839884357148549e-06,0.0008593486854806542,0.0002472504856996238,0.011725932359695435,0.0001938851928571239,0.010304509662091732,0.0002132553927367553,0.011124067939817905,0.00020111764024477452,0.010718249715864658,0.00042173394467681646,0.015741774812340736,0.00037741378764621913,0.014875379391014576,0.0005932141793891788,0.01882527582347393,0.0004667836765293032,0.016867252066731453,9.999999974752427e-07,176
1.0,8.194614929379895e-05,0.0020367165561765432,1.0,4.398631972435396e-06,0.0008788116392679513,0.00021213300351519138,0.011252695694565773,0.00019421284378040582,0.010504625737667084,0.00023049583251122385,0.011589175090193748,0.00023757135204505175,0.01155370194464922,0.0004343822365626693,0.01604924537241459,0.000396432529669255,0.015215015970170498,0.0005944684380665421,0.018782293424010277,0.00052948686061427,0.017137033864855766,9.999999974752427e-07,177
1.0,0.00010200899851042777,0.001865341910161078,1.0,5.696508196706418e-06,0.0009127985686063766,0.0002391574380453676,0.01166710164397955,0.00021211720013525337,0.010924811474978924,0.00023421586956828833,0.011219075880944729,0.00022161156812217087,0.011256369762122631,0.0004365627246443182,0.01594167947769165,0.00036572033422999084,0.01428805012255907,0.0005493276985362172,0.018117159605026245,0.0004117219941690564,0.015398810617625713,9.999999974752427e-07,178
1.0,6.929170194780454e-05,0.0020853637252002954,1.0,5.936758498137351e-06,0.0008821248775348067,0.00021668175759259611,0.011315782554447651,0.00021233956795185804,0.010636061429977417,0.00021832910715602338,0.011113702319562435,0.00022883778729010373,0.011297063902020454,0.00047579905367456377,0.016528645530343056,0.00037699149106629193,0.014840900897979736,0.0006676522898487747,0.019686259329319,0.000495629501529038,0.016909299418330193,9.999999974752427e-07,179
1.0,8.233491826104e-05,0.002008570358157158,1.0,5.010835138818948e-06,0.0007914492161944509,0.00020544025755953044,0.011095704510807991,0.00019340330618433654,0.010561004281044006,0.00020260874589439481,0.010665186680853367,0.00018498601275496185,0.01014242134988308,0.00043167156400159,0.015912508592009544,0.00038805455551482737,0.014995284378528595,0.0006186995306052268,0.019068440422415733,0.00048780994256958365,0.016501527279615402,9.999999974752427e-07,180
1.0,0.00014435853518079966,0.0021609659306705,1.0,4.210251518088626e-06,0.0008651350508444011,0.00022009617532603443,0.01111525110900402,0.00020457801292650402,0.010696686804294586,0.00021947974164504558,0.011249489150941372,0.00021677084441762418,0.011215021833777428,0.000451291591161862,0.016020119190216064,0.00039813132025301456,0.014806088991463184,0.0006405003950931132,0.019203444942831993,0.0005266844527795911,0.01743924804031849,9.999999974752427e-07,181
1.0,7.462110079359263e-05,0.0018953121034428477,1.0,4.492556854529539e-06,0.0008782517397776246,0.0002520334383007139,0.011963016353547573,0.0001953121682163328,0.010330116376280785,0.0002356767508899793,0.011151299811899662,0.00019073684234172106,0.010588339529931545,0.0004152549081481993,0.01559407077729702,0.00037611040170304477,0.014920739457011223,0.0005754627054557204,0.018375800922513008,0.0004538630892056972,0.016318125650286674,9.999999974752427e-07,182
1.0,7.140864181565121e-05,0.0019371849484741688,1.0,3.626753596108756e-06,0.0008762905490584671,0.00024357481743209064,0.011471042409539223,0.00022083593648858368,0.011079884134232998,0.00022273918148130178,0.011089453473687172,0.00018551382527220994,0.010353034362196922,0.000462713825982064,0.016166595742106438,0.000359423371264711,0.0145718390122056,0.0005732057616114616,0.01854914240539074,0.0004704334132838994,0.01653994433581829,9.999999974752427e-07,183
1.0,6.108589877840132e-05,0.0020843830425292253,1.0,5.913896984566236e-06,0.0008684216300025582,0.00024347062571905553,0.011802388355135918,0.00019631402392406017,0.010674609802663326,0.00019681997946463525,0.010671391151845455,0.00022590307344216853,0.011337948963046074,0.0004603074339684099,0.016325747594237328,0.00041177993989549577,0.015166684053838253,0.0006553067360073328,0.019819263368844986,0.0004959030193276703,0.01700291596353054,9.999999974752427e-07,184
1.0,6.281009700614959e-05,0.0019438130548223853,1.0,4.941166025673738e-06,0.0008105840533971786,0.00022395202540792525,0.011565536260604858,0.00017610900977160782,0.01028386503458023,0.00022489813272841275,0.011546379886567593,0.00018068370991386473,0.010245993733406067,0.00044283270835876465,0.016232475638389587,0.00039921104325912893,0.015207801945507526,0.000562849803827703,0.018683847039937973,0.00047610915498808026,0.01650935597717762,9.999999974752427e-07,185
1.0,0.00011455222556833178,0.002034231321886182,1.0,3.962809387303423e-06,0.0008041841210797429,0.00019745909958146513,0.010624418966472149,0.00017618191486690193,0.009823516942560673,0.0002072493953164667,0.011184797622263432,0.0002193309919675812,0.01118182111531496,0.00043995140003971756,0.016151387244462967,0.00036005611764267087,0.014363243244588375,0.00064165482763201,0.019516080617904663,0.00047801644541323185,0.016702525317668915,9.999999974752427e-07,186
1.0,0.0001225871965289116,0.002017612336203456,1.0,4.939296104566893e-06,0.0008725514053367078,0.0002322675718460232,0.011677013710141182,0.00020492717158049345,0.010874972678720951,0.0001927225530380383,0.01076410710811615,0.00023769482504576445,0.011477882973849773,0.00042751478031277657,0.015821442008018494,0.000416107039200142,0.015677249059081078,0.0005733497673645616,0.018182897940278053,0.0004780534654855728,0.016417687758803368,9.999999974752427e-07,187
1.0,6.267202115850523e-05,0.0019077566685155034,1.0,4.98696681461297e-06,0.0008393459138460457,0.0002103938750224188,0.011426457203924656,0.00019230772159062326,0.010421284474432468,0.00021418083633761853,0.010890869423747063,0.00021747649589087814,0.011089385487139225,0.0004544253461062908,0.015758343040943146,0.00040209584403783083,0.01475154235959053,0.0005339741474017501,0.017762213945388794,0.0004545894335024059,0.015786271542310715,9.999999974752427e-07,188
1.0,9.794953803066164e-05,0.001965740229934454,1.0,4.60084947917494e-06,0.0007677225512452424,0.00018872148939408362,0.010605784133076668,0.00017352498252876103,0.009829653427004814,0.00019684628932736814,0.010737637057900429,0.0002040289546130225,0.010660752654075623,0.00042625461355783045,0.015816541388630867,0.00034608293208293617,0.014313864521682262,0.0005698353634215891,0.01802748814225197,0.00052561768097803,0.017211588099598885,9.999999974752427e-07,189
1.0,5.6887212849687785e-05,0.001995392609387636,1.0,4.901275588053977e-06,0.0007991180173121393,0.0002150399814127013,0.011105546727776527,0.00019329653878230602,0.010307902470231056,0.00019250968762207776,0.010432963259518147,0.0001933705061674118,0.010605080053210258,0.00044032250298187137,0.015939662232995033,0.00040122782229445875,0.014593116007745266,0.0006079578306525946,0.018625792115926743,0.0004889971460215747,0.01684955507516861,9.999999974752427e-07,190
1.0,6.481994205387309e-05,0.00199070293456316,1.0,5.155939561518608e-06,0.0007631574990227818,0.00019902117492165416,0.010780188255012035,0.00017485332500655204,0.01019879337400198,0.00018629504484124482,0.010485014878213406,0.00019783196330536157,0.01049806084483862,0.00044465778046287596,0.016246413812041283,0.00040603778325021267,0.014916268177330494,0.0006081688916310668,0.018806127831339836,0.0004670188354793936,0.016546644270420074,9.999999974752427e-07,191
1.0,6.23001396888867e-05,0.0018431410426273942,1.0,4.550590801954968e-06,0.0008307532989419997,0.00021394285431597382,0.011370262131094933,0.0001854788715718314,0.010289309546351433,0.0002231310645584017,0.011239579878747463,0.00020364989177323878,0.010974741540849209,0.0004182419506832957,0.015434744767844677,0.00034274350036866963,0.014235061593353748,0.0005697367596440017,0.01831112988293171,0.0004501187358982861,0.01625397987663746,9.999999974752427e-07,192
1.0,5.835824413225055e-05,0.001756466692313552,1.0,4.95475114803412e-06,0.0008568837656639516,0.00023812871950212866,0.011288799345493317,0.00020364033116493374,0.010657540522515774,0.00019790985970757902,0.010881404392421246,0.00021225005912128836,0.011133941821753979,0.0004065169778186828,0.015306096524000168,0.0003343381977174431,0.014003979973495007,0.0005356353940442204,0.01787433959543705,0.00042161770397797227,0.01550442073494196,9.999999974752427e-07,193
1.0,5.377371053327806e-05,0.0019442765042185783,1.0,3.3228845950361574e-06,0.000734294590074569,0.00020159725681878626,0.010870985686779022,0.00016476739256177098,0.009333883412182331,0.0001842575438786298,0.010188843123614788,0.00018034949607681483,0.010286250151693821,0.00045870282338000834,0.016069868579506874,0.00037306168815121055,0.014610451646149158,0.0005909200408495963,0.018385032191872597,0.00046781805576756597,0.01657441258430481,9.999999974752427e-07,194
1.0,5.9622932894853875e-05,0.0018004033481702209,1.0,3.3117064504040172e-06,0.0007589096203446388,0.00019900310144294053,0.010506310500204563,0.00018823954451363534,0.010220684111118317,0.000182523945113644,0.01019231230020523,0.00018583123164717108,0.010495354421436787,0.00040421829908154905,0.015231136232614517,0.0003502044128254056,0.014242018572986126,0.0005263868952170014,0.01754487119615078,0.00045997125562280416,0.01624102145433426,9.999999974752427e-07,195
1.0,8.782213262747973e-05,0.0018750017043203115,1.0,4.738712505059084e-06,0.0007554334588348866,0.0002052060590358451,0.01094859093427658,0.00017312748241238296,0.009945548139512539,0.00018316398200113326,0.009931640699505806,0.00018919723515864462,0.010310394689440727,0.00040760679985396564,0.015416240319609642,0.0003684493131004274,0.014410845004022121,0.0005357624031603336,0.01778447814285755,0.00047536109923385084,0.01660332828760147,9.999999974752427e-07,196
1.0,8.200351294362918e-05,0.0019688315223902464,1.0,4.825705218536314e-06,0.0007567331776954234,0.0002074712247122079,0.010870729573071003,0.0001814676506910473,0.010136261582374573,0.00018356367945671082,0.010148036293685436,0.00017940490215551108,0.010064326226711273,0.00044803309720009565,0.016043398529291153,0.00039043405558913946,0.015030011534690857,0.0005660518654622138,0.018266944214701653,0.00048230899847112596,0.016769975423812866,9.999999974752427e-07,197
1.0,5.649281956721097e-05,0.0018619113834574819,1.0,3.464984274614835e-06,0.0007690341444686055,0.00020434790349099785,0.011139868758618832,0.00018995490972884,0.01041571144014597,0.0001938290661200881,0.01042021345347166,0.00017743725038599223,0.010355289094150066,0.0004153927438892424,0.015638815239071846,0.0003543261846061796,0.014276141300797462,0.0005691927508451045,0.018348488956689835,0.00046650684089399874,0.016223210841417313,9.999999974752427e-07,198
1.0,0.00016164184489753097,0.0019404146587476134,1.0,4.33005743616377e-06,0.0007359753944911063,0.00019163460819981992,0.0105958366766572,0.00016485786181874573,0.009624401107430458,0.00019084832456428558,0.010274338535964489,0.00018430454656481743,0.010274074040353298,0.00040385028114542365,0.01555825024843216,0.00037726006121374667,0.014776099473237991,0.0005522238207049668,0.017834985628724098,0.00044543843250721693,0.01616806536912918,9.999999974752427e-07,199
